member,group,observations,time_start_seconds,time_end_seconds,median_positive_time_step_seconds,Voltage_finite_count,Voltage_minimum,Voltage_maximum,Current_finite_count,Current_minimum,Current_maximum,Ah_finite_count,Ah_minimum,Ah_maximum,Wh_finite_count,Wh_minimum,Wh_maximum,Power_finite_count,Power_minimum,Power_maximum,Battery_Temp_degC_finite_count,Battery_Temp_degC_minimum,Battery_Temp_degC_maximum,Time_finite_count,Time_minimum,Time_maximum,Chamber_Temp_degC_finite_count,Chamber_Temp_degC_minimum,Chamber_Temp_degC_maximum
Panasonic 18650PF Data/-10degC/5 pulse test/06-07-17_12.29 n10degC_5pulse_HPPC_Pan18650PF.mat,-10degC/5 pulse test,78494,0.0,78433.99500846863,0.9980030357837677,78494,2.49175,4.17176,78494,-17.40298,0.0,78494,-2.33032,0.0,78494,-7.8842,0.0,78494,-51.14544389219999,0.0,78494,-10.1944564,-6.768772,78494,0.0,78433.99500846863,0,,
Panasonic 18650PF Data/-10degC/5 pulse test/06-07-17_14.11 3740_dis5_10p.mat,-10degC/5 pulse test,443,0.0,228149.9310001731,60.0010022521019,443,2.49948,4.07268,443,-0.8697,0.0,443,-2.37279,-0.01449,208,-8.00016,-0.25236,443,-3.3462219672,0.0,443,-10.1823496,-7.0108756,443,0.0,228149.9310001731,235,0.0,0.0
Panasonic 18650PF Data/-10degC/Charges and Pauses/06-07-17_08.40 3740_PreChg.mat,-10degC/Charges and Pauses,114,0.0,13761.59599609673,59.99999642372131,114,4.10098,4.20007,114,0.0,0.65578,114,0.0,0.1271,114,0.0,0.5338,114,0.0,2.7543219046000003,114,-9.940246,15.921585999999998,114,0.0,13761.59599609673,0,,
Panasonic 18650PF Data/-10degC/Charges and Pauses/06-08-17_10.21 3740_Charge1a.mat,-10degC/Charges and Pauses,221,0.0,20232.91299752891,59.99999642372131,221,3.2916,4.20007,221,0.0,2.89997,221,0.0,2.33826,220,0.0,9.32193,221,0.0,12.154293426,221,-9.504476799999999,21.295549666666666,221,0.0,20232.91299752891,1,0.0,0.0
Panasonic 18650PF Data/-10degC/Charges and Pauses/06-10-17_05.35 3740_Charge2a.mat,-10degC/Charges and Pauses,234,0.0,13822.996005043387,59.99999642372131,234,3.29031,4.20007,234,0.0,2.89997,234,0.0,2.35273,0,,,234,0.0,12.1446103648,234,-7.6766416,21.110242,234,0.0,13822.996005043387,234,0.0,0.0
Panasonic 18650PF Data/-10degC/Charges and Pauses/06-10-17_09.26 3740_Pause1.mat,-10degC/Charges and Pauses,121,0.0,7140.002008527517,60.00000648200512,121,4.17369,4.1827,121,0.0,0.0,121,0.0,0.0,0,,,121,0.0,0.0,121,-10.1702428,17.230333666666667,121,0.0,7140.002008527517,121,0.0,0.0
Panasonic 18650PF Data/-10degC/Charges and Pauses/06-10-17_13.07 3740_Charge1.mat,-10degC/Charges and Pauses,211,0.0,12489.352997392416,59.99999642372131,211,3.45631,4.20007,211,0.0,2.89997,211,0.0,2.0013,0,,,211,0.0,12.1617442672,211,-7.6645348,20.241601333333332,211,0.0,12489.352997392416,211,0.0,0.0
Panasonic 18650PF Data/-10degC/Charges and Pauses/06-10-17_16.36 3740_Pause2.mat,-10degC/Charges and Pauses,121,0.0,7139.999001100659,59.99999642372131,121,4.17304,4.1827,121,0.0,0.0,121,0.0,0.0,0,,,121,0.0,0.0,121,-10.1460292,16.790226666666666,121,0.0,7139.999001100659,121,0.0,0.0
Panasonic 18650PF Data/-10degC/Charges and Pauses/06-10-17_20.16 3740_Charge2.mat,-10degC/Charges and Pauses,206,0.0,12174.963996559381,59.99999642372131,206,3.45244,4.20007,206,0.0,2.89997,206,0.0,2.00538,0,,,206,0.0,12.1651421524,206,-6.9745552,20.693292,206,0.0,12174.963996559381,206,0.0,0.0
Panasonic 18650PF Data/-10degC/Charges and Pauses/06-10-17_23.40 3740_Pause3.mat,-10degC/Charges and Pauses,121,0.0,7140.00000692904,59.99999642372131,121,4.17304,4.18205,121,0.0,0.0,121,0.0,0.0,0,,,121,0.0,0.0,121,-10.1460292,17.230333666666667,121,0.0,7140.00000692904,121,0.0,0.0
Panasonic 18650PF Data/-10degC/Charges and Pauses/06-11-17_03.15 3740_Charge3.mat,-10degC/Charges and Pauses,210,0.0,12467.474007233977,59.99999642372131,210,3.45438,4.20007,210,0.0,2.89997,210,0.0,2.00423,0,,,210,0.0,12.172935024800001,210,-5.8488064,20.461660000000002,210,0.0,12467.474007233977,210,0.0,0.0
Panasonic 18650PF Data/-10degC/Charges and Pauses/06-11-17_06.43 3740_Pause4.mat,-10degC/Charges and Pauses,121,0.0,7140.002008527517,59.99999642372131,121,4.1724,4.18205,121,0.0,0.0,121,0.0,0.0,0,,,121,0.0,0.0,121,-10.158135999999999,16.790226666666666,121,0.0,7140.002008527517,121,0.0,0.0
Panasonic 18650PF Data/-10degC/Charges and Pauses/06-14-17_08.03 3787_TS003396.mat,-10degC/Charges and Pauses,1,0.0,0.0,,1,3.83398,3.83398,1,0.0,0.0,1,0.0,0.0,1,0.0,0.0,1,0.0,0.0,1,-10.158135999999999,-10.158135999999999,1,0.0,0.0,0,,
Panasonic 18650PF Data/-10degC/Charges and Pauses/06-14-17_08.04 3787_Charge8.mat,-10degC/Charges and Pauses,190,0.0,11242.236004024744,59.99999642372131,190,3.83591,4.20007,190,0.0,2.89997,190,0.0,0.87458,190,0.0,3.64795,190,0.0,12.140898403200001,190,-9.928149999999999,17.207166333333333,190,0.0,11242.236004024744,0,,
Panasonic 18650PF Data/-10degC/Charges and Pauses/06-14-17_11.13 3787_Pause9.mat,-10degC/Charges and Pauses,121,0.0,7140.00299423933,59.99999642372131,121,4.1724,4.18141,121,0.0,0.0,121,0.0,0.0,121,0.0,0.0,121,0.0,0.0,121,-10.1702428,15.261420333333335,121,0.0,7140.00299423933,0,,
Panasonic 18650PF Data/-10degC/Charges and Pauses/06-14-17_14.40 3787_Charge9.mat,-10degC/Charges and Pauses,216,0.0,12767.487004771829,59.99999642372131,216,-0.00064,4.20007,216,0.0,2.89997,216,0.0,2.0075,216,0.0,8.08942,216,-0.0,12.1464953453,216,-6.5266792,20.64696766666667,216,0.0,12767.487004771829,0,,
Panasonic 18650PF Data/-10degC/Drive Cycles/06-07-17_08.39 n10degC_HWFET_Pan18650PF.mat,-10degC/Drive Cycles,51385,0.0,12279.868999868631,0.09999945759773254,51385,2.6912,4.1827,51385,-5.39296,0.0,51385,-2.03006,0.0,0,,,51385,-15.703561556999999,0.0,51385,-10.1702428,16.998691333333333,51385,0.0,12279.868999868631,51385,0.0,0.0
Panasonic 18650PF Data/-10degC/Drive Cycles/06-07-17_08.39 n10degC_LA92_Pan18650PF.mat,-10degC/Drive Cycles,69568,0.0,14093.951998651028,0.09999945759773254,69568,2.49755,4.18205,69568,-10.20856,0.0,69568,-2.03001,0.0,0,,,69568,-26.4414941664,0.0,69568,-10.158135999999999,17.010275,69568,0.0,14093.951998651028,69568,0.0,0.0
Panasonic 18650PF Data/-10degC/Drive Cycles/06-07-17_08.39 n10degC_UDDS_Pan18650PF.mat,-10degC/Drive Cycles,109717,0.0,18114.498004317284,0.09999945759773254,109717,2.62751,4.18141,109717,-7.19687,0.0,109717,-2.03003,0.0,0,,,109717,-18.924812332800002,0.0,109717,-10.3881328,16.790226666666666,109717,0.0,18114.498004317284,109717,0.0,0.0
Panasonic 18650PF Data/-10degC/Drive Cycles/06-07-17_08.39 n10degC_US06_HWFET_UDDS_LA92_Pan18650PF.mat,-10degC/Drive Cycles,288435,0.0,586319.1420033574,0.09999945759773254,288435,2.49626,4.20007,288435,-14.48275,2.89997,288435,-2.17502,2.01202,1,0.0,0.0,288435,-38.7305458068,12.154293426,288435,-10.3881328,20.670135000000002,288435,0.0,586319.1420033574,288434,0.0,0.0
Panasonic 18650PF Data/-10degC/Drive Cycles/06-07-17_08.39 n10degC_US06_Pan18650PF.mat,-10degC/Drive Cycles,31197,0.0,10257.189003378153,0.09999945759773254,31197,2.49626,4.1827,31197,-13.38767,0.0,31197,-2.03006,0.0,0,,,31197,-34.461145556,0.0,31197,-10.158135999999999,16.998691333333333,31197,0.0,10257.189003378153,31197,0.0,0.0
Panasonic 18650PF Data/-10degC/Drive Cycles/06-10-17_11.25 n10degC_Cycle_1_Pan18650PF.mat,-10degC/Drive Cycles,60234,0.0,6034.534005448222,0.09999945759773254,60234,2.49755,4.11064,60234,-14.36026,0.0,60234,-2.03001,-5e-05,0,,,60234,-38.710952882,0.0,60234,-10.1702428,1.3998716999999998,60234,0.0,6034.534005448222,60234,0.0,0.0
Panasonic 18650PF Data/-10degC/Drive Cycles/06-10-17_18.35 n10degC_Cycle_2_Pan18650PF.mat,-10degC/Drive Cycles,59712,0.0,5982.340997457504,0.09999945759773254,59712,2.4969,4.06478,59712,-14.19285,0.0,59712,-2.03004,0.0,0,,,59712,-38.719868796,0.0,59712,-9.928149999999999,0.3357659999999998,59712,0.0,5982.340997457504,59712,0.0,0.0
Panasonic 18650PF Data/-10degC/Drive Cycles/06-11-17_01.39 n10degC_Cycle_3_Pan18650PF.mat,-10degC/Drive Cycles,56857,0.0,5696.786994114518,0.09999945759773254,56857,2.49497,4.11754,56857,-13.53792,0.0,56857,-2.03004,-4e-05,0,,,56857,-38.7413302848,0.0,56857,-10.158135999999999,2.8715124000000003,56857,0.0,5696.786994114518,56857,0.0,0.0
Panasonic 18650PF Data/-10degC/Drive Cycles/06-11-17_08.42 n10degC_Cycle_4_Pan18650PF.mat,-10degC/Drive Cycles,61102,0.0,6119.451006129384,0.09999945759773254,61102,2.49883,4.17287,61102,-14.71549,0.0,61102,-2.03001,0.0,0,,,61102,-38.70411270739999,0.0,61102,-10.158135999999999,-0.08308099999999996,61102,0.0,6119.451006129384,61102,0.0,0.0
Panasonic 18650PF Data/-10degC/Drive Cycles/06-14-17_13.12 n10degC_NN_Pan18650PF.mat,-10degC/Drive Cycles,52522,0.0,5267.28499867022,0.09999945759773254,52522,2.48661,4.17223,52522,-15.28712,0.0,52522,-2.03018,-0.0,52522,-6.4258,-0.0,52522,-38.73636681039999,0.0,52522,-10.1702428,0.5508556,52522,0.0,5267.28499867022,0,,
Panasonic 18650PF Data/-20degC Trise with pause/07-04-17_10.58 n20degC_trise_Cycle_1to4_w_pauses_Pan18650PF.mat,-20degC Trise with pause,541868,0.0,82112.3670000583,0.09999945759773254,541868,2.49819,4.20007,541868,-14.63709,2.89997,541868,-2.0302,1.99898,541868,-7.09107,8.03023,541868,-38.7771207705,12.1800769979,541868,-20.59468,27.06535,541868,0.0,82112.3670000583,541868,-24.0,25.0
Panasonic 18650PF Data/-20degC Trise/06-30-17_16.55 n20degC_trise_HWFET_UDDS_LA92_NN_Pan18650PF.mat,-20degC Trise,325281,0.0,209578.35699990392,0.10099522769451141,325281,2.46473,4.20007,325281,-15.39573,2.89997,325281,-2.32006,2.29105,325281,-8.19854,9.19685,325281,-38.6464970654,12.1763360366,325281,-20.1373936,25.15995,325281,0.0,209578.35699990392,325281,-24.0,25.0
Panasonic 18650PF Data/-20degC Trise/06-30-17_16.56 3928_PreChg.mat,-20degC Trise,34,0.0,1856.0249961912632,59.99999642372131,34,4.16018,4.20007,34,0.0,0.2891,34,0.0,0.02761,34,0.0,0.11596,34,0.0,1.214240237,34,24.30813,24.74525,34,0.0,1856.0249961912632,34,23.0,25.0
Panasonic 18650PF Data/-20degC Trise/06-30-17_17.28 3928_Pause1.mat,-20degC Trise,121,0.0,7139.998991042376,59.99999642372131,121,4.17884,4.18656,121,0.0,0.0,121,0.0,0.0,121,0.0,0.0,121,0.0,0.0,121,-19.9316086,21.527181666666667,121,0.0,7139.998991042376,121,-24.0,19.0
Panasonic 18650PF Data/-20degC Trise/06-30-17_19.27 n20degC_trise_Cycle_1_Pan18650PF.mat,-20degC Trise,69365,0.0,6947.4409930408,0.09999945759773254,69365,2.63072,4.08923,69365,-13.62367,0.0,69365,-2.32006,-3e-05,69365,-7.77975,-0.00011,69365,-38.7337892348,0.0,69365,-19.9316086,12.852410333333333,69365,0.0,6947.4409930408,69365,-20.0,11.0
Panasonic 18650PF Data/-20degC Trise/06-30-17_21.24 3928_Charge1.mat,-20degC Trise,130,0.0,7594.477002695203,59.99999642372131,130,3.39132,4.20007,130,0.0,2.89997,130,0.0,2.26558,130,0.0,9.04935,130,0.0,12.1300274568,130,11.115139333333333,20.85544266666667,130,0.0,7594.477002695203,130,11.0,20.0
Panasonic 18650PF Data/-20degC Trise/06-30-17_23.31 3928_Pause2.mat,-20degC Trise,121,0.0,7139.997995272279,59.99999642372131,121,4.17111,4.18141,121,0.0,0.0,121,0.0,0.0,121,0.0,0.0,121,0.0,0.0,121,-19.9316086,16.767059333333332,121,0.0,7139.997995272279,121,-23.0,16.0
Panasonic 18650PF Data/-20degC Trise/07-01-17_01.30 n20degC_trise_Cycle_2_Pan18650PF.mat,-20degC Trise,69545,0.0,6967.456997931004,0.09999945759773254,69545,2.49626,4.06864,69545,-13.73228,0.0,69545,-2.32003,-8e-05,69545,-7.73196,-0.00033,69545,-38.729392213000004,0.0,69545,-19.9316086,12.006937,69545,0.0,6967.456997931004,69545,-20.0,10.0
Panasonic 18650PF Data/-20degC Trise/07-01-17_03.27 3928_Charge2.mat,-20degC Trise,132,0.0,7693.1709956377745,59.99999642372131,132,3.38296,4.20007,132,0.0,2.89997,132,0.0,2.28964,132,0.0,9.14816,132,0.0,12.172935024800001,132,10.466557333333332,20.64696766666667,132,0.0,7693.1709956377745,132,10.0,20.0
Panasonic 18650PF Data/-20degC Trise/07-01-17_05.37 3928_Pause3.mat,-20degC Trise,121,0.0,7139.999996870756,60.00000648200512,121,4.17111,4.18141,121,0.0,0.0,121,0.0,0.0,121,0.0,0.0,121,0.0,0.0,121,-20.1373936,16.53542733333333,121,0.0,7139.999996870756,121,-23.0,16.0
Panasonic 18650PF Data/-20degC Trise/07-01-17_07.36 n20degC_trise_Cycle_3_Pan18650PF.mat,-20degC Trise,60760,0.0,6088.7860044837,0.09999945759773254,60760,2.49047,4.12076,60760,-14.12099,0.00163,60760,-2.32001,0.0,60760,-7.55014,0.0,60760,-38.704061844,0.0047433978,60760,-20.1373936,16.53542733333333,60760,0.0,6088.7860044837,60760,-20.0,8.0
Panasonic 18650PF Data/-20degC Trise/07-01-17_09.18 3928_Charge3.mat,-20degC Trise,147,0.0,8634.945006296039,59.99999642372131,147,3.38232,4.20007,147,0.0,2.89997,147,0.0,2.29217,147,0.0,9.16747,147,0.0,12.128171994400002,147,8.960918333333332,20.85544266666667,147,0.0,8634.945006296039,147,8.0,20.0
Panasonic 18650PF Data/-20degC Trise/07-01-17_11.43 3928_Pause4.mat,-20degC Trise,121,0.0,7139.997995272279,59.99999642372131,121,4.17111,4.18141,121,0.0,0.0,121,0.0,0.0,121,0.0,0.0,121,0.0,0.0,121,-19.9430428,16.54700066666667,121,0.0,7139.997995272279,121,-23.0,15.0
Panasonic 18650PF Data/-20degC Trise/07-01-17_13.42 n20degC_trise_Cycle_4_Pan18650PF.mat,-20degC Trise,75832,0.0,7595.800994709134,0.09999945759773254,75832,2.49562,4.17158,75832,-13.63755,0.0,75832,-2.32002,-0.0,75832,-7.75974,-0.0,75832,-38.7370754622,0.0,75832,-19.9316086,12.863983666666666,75832,0.0,7595.800994709134,75832,-20.0,11.0
Panasonic 18650PF Data/-20degC Trise/07-01-17_15.50 3928_Charge4.mat,-20degC Trise,133,0.0,7741.117003932595,59.99999642372131,133,3.38232,4.20007,133,0.0,2.89997,133,0.0,2.28801,133,0.0,9.1453,133,0.0,12.133416480600001,133,11.555246333333333,21.295549666666666,133,0.0,7741.117003932595,133,11.0,20.0
Panasonic 18650PF Data/-20degC Trise/07-01-17_18.00 3928_Pause5.mat,-20degC Trise,121,0.0,7140.002008527517,59.99999642372131,121,4.17111,4.18141,121,0.0,0.0,121,0.0,0.0,121,0.0,0.0,121,0.0,0.0,121,-19.9316086,17.195582666666667,121,0.0,7140.002008527517,121,-23.0,16.0
Panasonic 18650PF Data/-20degC Trise/07-01-17_19.59 n20degC_trise_US06_Pan18650PF.mat,-20degC Trise,35246,0.0,3533.911006897688,0.10099522769451141,35246,2.47824,4.17158,35246,-13.58937,0.00163,35246,-2.32005,0.0,35246,-7.03279,0.0,35246,-34.4293768368,0.0053191626999999995,35246,-19.9316086,12.840826666666667,35246,0.0,3533.911006897688,35246,-20.0,0.0
Panasonic 18650PF Data/-20degC Trise/07-01-17_20.59 3928_Charge5.mat,-20degC Trise,198,0.0,11700.545004755259,59.99999642372131,198,3.37652,4.20007,198,0.0,2.89997,198,0.0,2.29753,198,0.0,9.20474,198,0.0,12.1502073069,198,1.3319593,20.670135000000002,198,0.0,11700.545004755259,198,0.0,20.0
Panasonic 18650PF Data/-20degC/5 pulse disch/06-15-17_11.31 n20degC_5Pulse_HPPC_Pan18650PF.mat,-20degC/5 pulse disch,49655,0.0,58194.96300369501,0.9980030357837677,49655,2.48532,4.17884,49655,-11.60008,0.0,49655,-2.18218,0.0,49655,-7.26269,0.0,49655,-36.066458104599995,0.0,49655,-20.4003394,-18.433963,49655,0.0,58194.96300369501,0,,
Panasonic 18650PF Data/-20degC/5 pulse disch/06-15-17_12.33 3789_dis5_10p.mat,-20degC/5 pulse disch,1990,0.0,612060.6049954891,299.9999921768904,1990,-0.00064,4.04951,1990,-0.8697,0.0,1990,-2.23531,-0.01449,212,-7.40594,-0.14563,1990,-3.408128178,-0.0,1990,-20.1488176,5.158213,1990,0.0,612060.6049954891,1778,0.0,0.0
Panasonic 18650PF Data/-20degC/Charges and Pauses/06-23-17_23.36 3913_Charge2a.mat,-20degC/Charges and Pauses,176,0.0,10321.402002498507,59.99999642372131,176,3.9871,4.20007,176,0.0,2.26543,176,0.0,0.43733,176,0.0,1.83632,176,0.0,9.5149645801,176,0.5395334999999997,16.118477333333335,176,0.0,10321.402002498507,0,,
Panasonic 18650PF Data/-20degC/Charges and Pauses/06-24-17_02.29 3913_Pause1.mat,-20degC/Charges and Pauses,121,0.0,7140.006997436285,60.00000648200512,121,4.16918,4.17884,121,0.0,0.0,121,0.0,0.0,121,0.0,0.0,121,0.0,0.0,121,-20.331744399999998,13.755791666666667,121,0.0,7140.006997436285,0,,
Panasonic 18650PF Data/-20degC/Charges and Pauses/06-24-17_05.54 3913_Charge1.mat,-20degC/Charges and Pauses,247,0.0,14634.375993534923,59.99999642372131,247,3.49877,4.20007,247,0.0,2.89997,247,0.0,1.72347,247,0.0,6.98716,247,0.0,12.1539482682,247,-16.273246,19.361387333333333,247,0.0,14634.375993534923,0,,
Panasonic 18650PF Data/-20degC/Charges and Pauses/06-24-17_09.59 3913_Pause2.mat,-20degC/Charges and Pauses,121,0.0,7140.004995837808,60.00000648200512,121,4.17176,4.18141,121,0.0,0.0,121,0.0,0.0,121,0.0,0.0,121,0.0,0.0,121,-20.3431684,15.898418666666664,121,0.0,7140.004995837808,0,,
Panasonic 18650PF Data/-20degC/Charges and Pauses/06-24-17_13.23 3913_Charge2.mat,-20degC/Charges and Pauses,249,0.0,14769.75199431181,59.99999642372131,249,3.48783,4.20007,249,0.0,2.89997,249,0.0,1.71516,249,0.0,6.95633,249,0.0,12.1654841836,249,-17.7594574,19.372971,249,0.0,14769.75199431181,0,,
Panasonic 18650PF Data/-20degC/Charges and Pauses/06-24-17_17.30 3913_Pause3.mat,-20degC/Charges and Pauses,121,0.0,7140.006997436285,59.99999642372131,121,4.17176,4.18141,121,0.0,0.0,121,0.0,0.0,121,0.0,0.0,121,0.0,0.0,121,-20.5375192,15.689954,121,0.0,7140.006997436285,0,,
Panasonic 18650PF Data/-20degC/Charges and Pauses/06-24-17_20.54 3913_Charge3.mat,-20degC/Charges and Pauses,249,0.0,14796.952007710934,60.00000648200512,249,3.48847,4.20007,249,0.0,2.89997,249,0.0,1.71579,249,0.0,6.96083,249,0.0,12.171079562400003,249,-16.9134592,19.372971,249,0.0,14796.952007710934,0,,
Panasonic 18650PF Data/-20degC/Charges and Pauses/06-25-17_01.02 3913_Pause4.mat,-20degC/Charges and Pauses,121,0.0,7139.999996870756,59.99999642372131,121,4.17176,4.18141,121,0.0,0.0,121,0.0,0.0,121,0.0,0.0,121,0.0,0.0,121,-20.548953400000002,16.106893666666664,121,0.0,7139.999996870756,0,,
Panasonic 18650PF Data/-20degC/Charges and Pauses/06-25-17_04.26 3913_Charge4.mat,-20degC/Charges and Pauses,248,0.0,14677.82700508833,59.99999642372131,248,3.49362,4.20007,248,0.0,2.89997,248,0.0,1.71739,248,0.0,6.97025,248,0.0,12.1800769979,248,-17.7823258,19.152912333333333,248,0.0,14677.82700508833,0,,
Panasonic 18650PF Data/-20degC/Charges and Pauses/06-25-17_08.32 3913_Pause5.mat,-20degC/Charges and Pauses,121,0.0,7139.996003732085,59.99999642372131,121,4.17176,4.18141,121,0.0,0.0,121,0.0,0.0,121,0.0,0.0,121,0.0,0.0,121,-20.1145252,16.338536,121,0.0,7139.996003732085,0,,
Panasonic 18650PF Data/-20degC/Charges and Pauses/06-25-17_11.16 3913_Charge5.mat,-20degC/Charges and Pauses,243,0.0,14417.502003908157,59.99999642372131,243,3.50585,4.20007,243,0.0,2.89997,243,0.0,1.72108,243,0.0,6.98515,243,0.0,12.1781920174,243,-15.0042538,19.141328666666666,243,0.0,14417.502003908157,0,,
Panasonic 18650PF Data/-20degC/Drive cycles/06-23-17_23.35 n20degC_HWFET_Pan18650PF.mat,-20degC/Drive cycles,42313,0.0,11370.83100154996,0.09999945759773254,42313,2.49948,4.18077,42313,-5.83883,0.0,42313,-1.74,-0.0,42313,-5.63105,0.0,42313,-15.700492090800001,0.0,42313,-20.3431684,16.118477333333335,42313,0.0,11370.83100154996,0,,
Panasonic 18650PF Data/-20degC/Drive cycles/06-23-17_23.35 n20degC_HWFET_UDDS_LA92_NN_Pan18650PF.mat,-20degC/Drive cycles,235291,0.0,254269.02499571443,0.09999945759773254,235291,-0.00064,4.20007,235291,-15.38675,2.89997,235291,-1.74012,1.71803,235291,-5.72156,6.97735,235291,-38.5479631725,12.139362752,235291,-20.3431684,19.372971,235291,0.0,254269.02499571443,0,,
Panasonic 18650PF Data/-20degC/Drive cycles/06-23-17_23.35 n20degC_LA92_Pan18650PF.mat,-20degC/Drive cycles,57146,0.0,12849.694997817278,0.09999945759773254,57146,2.49755,4.18077,57146,-10.53766,0.0,57146,-1.74005,0.0,57146,-5.4645,0.0,57146,-26.419234978400002,0.0,57146,-20.1145252,16.106893666666664,57146,0.0,12849.694997817278,0,,
Panasonic 18650PF Data/-20degC/Drive cycles/06-23-17_23.35 n20degC_NN_Pan18650PF.mat,-20degC/Drive cycles,45363,0.0,11678.962995484471,0.09999945759773254,45363,2.45573,4.18141,45363,-15.38675,0.0,45363,-1.74012,0.0,45363,-5.19565,0.0,45363,-38.5479631725,0.0,45363,-20.3431684,16.570168000000002,45363,0.0,11678.962995484471,0,,
Panasonic 18650PF Data/-20degC/Drive cycles/06-23-17_23.35 n20degC_UDDS_Pan18650PF.mat,-20degC/Drive cycles,89405,0.0,16081.913002207875,0.09999945759773254,89405,2.4969,4.18141,89405,-7.33896,0.0,89405,-1.74008,-0.0,89405,-5.72156,0.0,89405,-18.9196073235,0.0,89405,-20.125959400000003,16.326952333333335,89405,0.0,16081.913002207875,0,,
Panasonic 18650PF Data/-20degC/Drive cycles/06-24-17_04.29 n20degC_Cycle_1_Pan18650PF.mat,-20degC/Drive cycles,50712,0.0,5080.106995627284,0.09999945759773254,50712,2.49562,4.07894,50712,-14.80777,0.0,50712,-1.74003,-5e-05,50712,-5.42429,-0.00019,50712,-38.4362704265,0.0,50712,-20.3431684,-3.1373151999999997,50712,0.0,5080.106995627284,0,,
Panasonic 18650PF Data/-20degC/Drive cycles/06-24-17_11.58 n20degC_Cycle_2_Pan18650PF.mat,-20degC/Drive cycles,50375,0.0,5046.646002307534,0.09999945759773254,50375,2.49755,4.04613,50375,-15.19484,0.0,50375,-1.74002,0.0,50375,-5.4633,0.0,50375,-38.1355535868,0.0,50375,-20.331744399999998,-4.2751708,50375,0.0,5046.646002307534,0,,
Panasonic 18650PF Data/-20degC/Drive cycles/06-24-17_19.29 n20degC_Cycle_3_Pan18650PF.mat,-20degC/Drive cycles,50147,0.0,5023.740001022816,0.09999945759773254,50147,2.49562,4.1169,50147,-15.40227,0.0,50147,-1.74002,0.0,50147,-5.46077,0.0,50147,-38.566976034599996,0.0,50147,-20.5260952,-6.538786,50147,0.0,5023.740001022816,0,,
Panasonic 18650PF Data/-20degC/Drive cycles/06-25-17_03.01 n20degC_Cycle_4_Pan18650PF.mat,-20degC/Drive cycles,50345,0.0,5043.403000384569,0.09999945759773254,50345,2.48854,4.17223,50345,-14.89188,0.0,50345,-1.74009,-0.0,50345,-5.44857,-0.0,50345,-37.6316104376,0.0,50345,-20.3431684,-5.1951472,50345,0.0,5043.403000384569,0,,
Panasonic 18650PF Data/-20degC/Drive cycles/06-25-17_10.31 n20degC_US06_Pan18650PF.mat,-20degC/Drive cycles,26557,0.0,2661.1450005322695,0.09999945759773254,26557,2.48725,4.17223,26557,-13.34438,0.0,26557,-1.74012,-0.0,26557,-5.27179,-0.0,26557,-34.427769708,0.0,26557,-20.1145252,-0.10572520000000019,26557,0.0,2661.1450005322695,0,,
Panasonic 18650PF Data/0degC/5 pulse/05-20-17_10.44 0degC_5pulse_HPPC_Pan18650PF.mat,0degC/5 pulse,85260,0.0,83098.7589944154,0.9960014373064041,85260,2.49883,4.15889,85260,-17.40298,0.0,85260,-2.47573,0.0,85260,-8.28035,0.0,85260,-55.0479526305,0.0,85260,0.12068649999999992,4.3657872,85260,0.0,83098.7589944154,0,,
Panasonic 18650PF Data/0degC/5 pulse/05-20-17_12.07 3619_dis5_10p.mat,0degC/5 pulse,197,0.0,78230.96299767494,60.00350173562765,197,2.49948,4.08426,197,-0.8697,0.0,197,-2.50288,-0.12334,197,-8.35462,-0.39983,197,-3.437897496,0.0,197,0.3357659999999998,3.7205386,197,0.0,78230.96299767494,0,,
Panasonic 18650PF Data/0degC/Charges and Pauses/05-20-17_08.43 3619_PreChg.mat,0degC/Charges and Pauses,5,0.0,7225.763995572925,11.68800238519907,5,4.15889,4.20007,5,0.0,0.58391,5,0.0,0.00048,5,0.0,0.002,5,0.0,2.4524628737000005,5,0.3357659999999998,24.57713,5,0.0,7225.763995572925,0,,
Panasonic 18650PF Data/0degC/Charges and Pauses/05-20-17_10.44 3619_DisPulse.mat,0degC/Charges and Pauses,85260,0.0,83098.7589944154,0.9960014373064041,85260,2.49883,4.15889,85260,-17.40298,0.0,85260,-2.47573,0.0,85260,-8.28035,0.0,85260,-55.0479526305,0.0,85260,0.12068649999999992,4.3657872,85260,0.0,83098.7589944154,0,,
Panasonic 18650PF Data/0degC/Charges and Pauses/05-20-17_12.07 3619_dis5_10p.mat,0degC/Charges and Pauses,197,0.0,78230.96299767494,60.00350173562765,197,2.49948,4.08426,197,-0.8697,0.0,197,-2.50288,-0.12334,197,-8.35462,-0.39983,197,-3.437897496,0.0,197,0.3357659999999998,3.7205386,197,0.0,78230.96299767494,0,,
Panasonic 18650PF Data/0degC/Charges and Pauses/05-21-17_09.52 3619_Charge2a.mat,0degC/Charges and Pauses,178,0.0,10404.519998654723,60.00000648200512,178,3.20152,4.20007,178,0.0,2.89997,178,0.0,2.48685,178,0.0,9.84798,178,0.0,12.155804249000001,178,1.6149612999999996,21.57351633333333,178,0.0,10404.519998654723,0,,
Panasonic 18650PF Data/0degC/Charges and Pauses/05-22-17_13.48 3623_dis5_10p.mat,0degC/Charges and Pauses,254,0.0,128907.02599771321,60.00199802219868,254,2.49948,4.03922,254,-0.8697,0.0,254,-2.3787,-0.01449,0,,,254,-3.429392343,0.0,254,0.3357659999999998,11.14988,254,0.0,128907.02599771321,254,0.0,0.0
Panasonic 18650PF Data/0degC/Charges and Pauses/05-26-17_10.24 3623_Charge2a.mat,0degC/Charges and Pauses,5602,0.0,335882.8169994056,59.99999642372131,5602,3.2382,3.36108,5602,0.0,0.0,5602,0.0,0.0,0,,,5602,0.0,0.0,5602,0.2678435000000001,2.1356971000000002,5602,0.0,335882.8169994056,5602,0.0,0.0
Panasonic 18650PF Data/0degC/Charges and Pauses/05-30-17_07.44 3659_Charge2a.mat,0degC/Charges and Pauses,195,0.0,11474.472000449896,59.99999642372131,195,3.35915,4.20007,195,0.0,2.89997,195,0.0,2.49803,195,0.0,9.91377,195,0.0,12.159888804800001,195,1.1734701,20.23001766666667,195,0.0,11474.472000449896,0,,
Panasonic 18650PF Data/0degC/Charges and Pauses/05-30-17_15.23 3659_Charge1.mat,0degC/Charges and Pauses,175,0.0,10364.557994529605,60.00000648200512,175,3.13204,4.20007,175,0.0,2.89997,175,0.0,2.57587,175,0.0,10.17543,175,0.0,12.1617442672,175,1.3885596999999998,21.341874,175,0.0,10364.557994529605,0,,
Panasonic 18650PF Data/0degC/Charges and Pauses/06-01-17_10.37 3686_Charge2.mat,0degC/Charges and Pauses,182,0.0,10727.395998314023,60.000001452863216,182,3.15841,4.20007,182,0.0,2.89997,182,0.0,2.57594,182,0.0,10.18696,182,0.0,12.172935024800001,182,1.8074067,21.538765333333334,182,0.0,10727.395998314023,0,,
Panasonic 18650PF Data/0degC/Charges and Pauses/06-01-17_13.37 3686_Pause3.mat,0degC/Charges and Pauses,121,0.0,7139.996999502182,59.99999642372131,121,4.17047,4.18334,121,0.0,0.0,121,0.0,0.0,121,0.0,0.0,121,0.0,0.0,121,0.5395334999999997,18.724389000000002,121,0.0,7139.996999502182,0,,
Panasonic 18650PF Data/0degC/Charges and Pauses/06-01-17_17.21 3686_Charge3.mat,0degC/Charges and Pauses,166,0.0,9742.059007287025,59.99999642372131,166,3.40548,4.20007,166,0.0,2.89997,166,0.0,2.29421,166,0.0,9.14563,166,0.0,12.166998133200002,166,3.6978944000000005,21.098658333333333,166,0.0,9742.059007287025,0,,
Panasonic 18650PF Data/0degC/Charges and Pauses/06-01-17_20.04 3686_Pause4.mat,0degC/Charges and Pauses,121,0.0,7140.006997436285,59.99999642372131,121,4.17433,4.18334,121,0.0,0.0,121,0.0,0.0,121,0.0,0.0,121,0.0,0.0,121,0.5395334999999997,18.504330333333332,121,0.0,7140.006997436285,0,,
Panasonic 18650PF Data/0degC/Charges and Pauses/06-02-17_00.13 3686_Charge4.mat,0degC/Charges and Pauses,168,0.0,9877.351001277566,59.99999642372131,168,3.40483,4.20007,168,0.0,2.89997,168,0.0,2.28911,168,0.0,9.12881,168,0.0,12.126316532,168,3.0752799,21.110242,168,0.0,9877.351001277566,0,,
Panasonic 18650PF Data/0degC/Charges and Pauses/06-02-17_02.59 3686_Pause5.mat,0degC/Charges and Pauses,121,0.0,7139.999996870756,59.99999642372131,121,4.17497,4.18398,121,0.0,0.0,121,0.0,0.0,121,0.0,0.0,121,0.0,0.0,121,0.3357659999999998,18.295855333333332,121,0.0,7139.999996870756,0,,
Panasonic 18650PF Data/0degC/Charges and Pauses/06-02-17_06.00 3686_Charge5.mat,0degC/Charges and Pauses,166,0.0,9801.423994079232,60.000001452863216,166,3.40162,4.20007,166,0.0,2.89997,166,0.0,2.29958,166,0.0,9.17016,166,0.0,12.138916311900001,166,4.1280635,21.110242,166,0.0,9801.423994079232,0,,
Panasonic 18650PF Data/0degC/Charges and Pauses/06-02-17_08.44 3686_Pause6.mat,0degC/Charges and Pauses,121,0.0,7139.996003732085,60.00000648200512,121,4.17433,4.18398,121,0.0,0.0,121,0.0,0.0,121,0.0,0.0,121,0.0,0.0,121,0.3357659999999998,18.504330333333332,121,0.0,7139.996003732085,0,,
Panasonic 18650PF Data/0degC/Charges and Pauses/06-02-17_12.24 3686_Charge6.mat,0degC/Charges and Pauses,173,0.0,10174.61700104177,59.99999642372131,173,3.39904,4.20007,173,0.0,2.89997,173,0.0,2.28778,173,0.0,9.1297,173,0.0,12.1486980472,173,2.6224665999999996,20.878599666666666,173,0.0,10174.61700104177,0,,
Panasonic 18650PF Data/0degC/Charges and Pauses/06-02-17_15.15 3686_Pause7.mat,0degC/Charges and Pauses,121,0.0,7140.008999034762,59.99999642372131,121,4.17369,4.18334,121,0.0,0.0,121,0.0,0.0,121,0.0,0.0,121,0.0,0.0,121,0.3244539999999996,17.647273333333334,121,0.0,7140.008999034762,0,,
Panasonic 18650PF Data/0degC/Charges and Pauses/06-02-17_20.49 3686_Charge7.mat,0degC/Charges and Pauses,170,0.0,10037.817994505167,59.99999642372131,170,3.40805,4.20007,170,0.0,2.89997,170,0.0,2.27244,170,0.0,9.07686,170,0.0,12.1763360366,170,2.0111741999999997,21.098658333333333,170,0.0,10037.817994505167,0,,
Panasonic 18650PF Data/0degC/Drive cycles/05-30-17_12.56 0degC_Cycle_1_Pan18650PF.mat,0degC/Drive cycles,88007,0.0,8815.586995705962,0.09999945759773254,88007,2.46859,4.14263,88007,-12.56288,0.00163,88007,-2.61,-0.0,88007,-8.75192,-0.0,88007,-38.7607717806,0.0060302013,88007,0.3244539999999996,8.1580847,88007,0.0,8815.586995705962,0,,
Panasonic 18650PF Data/0degC/Drive cycles/05-30-17_20.16 0degC_Cycle_2_Pan18650PF.mat,0degC/Drive cycles,83732,0.0,8388.674998283386,0.09999945759773254,83732,2.28588,4.12204,83732,-12.43222,0.0,83732,-2.61,-0.0,83732,-8.74982,-0.0,83732,-38.768753772000004,0.0,83732,0.3357659999999998,9.227301333333333,83732,0.0,8388.674998283386,0,,
Panasonic 18650PF Data/0degC/Drive cycles/06-01-17_10.36 0degC_LA92_NN_Pan18650PF.mat,0degC/Drive cycles,146297,0.0,182604.0970031172,0.09999945759773254,146297,2.49304,4.20007,146297,-15.3157,2.89997,146297,-2.32002,2.29208,146297,-8.01984,9.1562,146297,-38.7680063599,12.1725950753,146297,0.30180980000000024,21.318717,146297,0.0,182604.0970031172,0,,
Panasonic 18650PF Data/0degC/Drive cycles/06-01-17_10.36 0degC_LA92_Pan18650PF.mat,0degC/Drive cycles,82666,0.0,15405.804006010294,0.09999945759773254,82666,2.52135,4.1827,82666,-9.43931,0.00163,82666,-2.32002,-0.0,82666,-8.01984,0.0,82666,-26.4534581484,0.0045221253,82666,0.30180980000000024,18.284282,82666,0.0,15405.804006010294,0,,
Panasonic 18650PF Data/0degC/Drive cycles/06-01-17_10.36 0degC_NN_Pan18650PF.mat,0degC/Drive cycles,63279,0.0,13476.171000301838,0.09999945759773254,63279,2.49304,4.18334,63279,-15.3157,0.0,63279,-2.32002,-0.0,63279,-7.69693,0.0,63279,-38.7680063599,0.0,63279,0.3131318999999999,18.272698333333334,63279,0.0,13476.171000301838,0,,
Panasonic 18650PF Data/0degC/Drive cycles/06-01-17_15.36 0degC_Cycle_3_Pan18650PF.mat,0degC/Drive cycles,62466,0.0,6259.332997351885,0.09999945759773254,62466,2.49369,4.13813,62466,-12.87074,0.0,62466,-2.32012,-4e-05,62466,-7.89212,-0.00017,62466,-38.7655654266,0.0,62466,0.9697026000000002,12.667092333333333,62466,0.0,6259.332997351885,0,,
Panasonic 18650PF Data/0degC/Drive cycles/06-01-17_22.03 0degC_Cycle_4_Pan18650PF.mat,0degC/Drive cycles,77052,0.0,7717.784994095564,0.09999945759773254,77052,2.48854,4.1748,77052,-12.87238,0.00163,77052,-2.32013,0.0,77052,-7.99018,0.0,77052,-38.7663308842,0.0043711057999999995,77052,0.743301,7.3203907,77052,0.0,7717.784994095564,0,,
Panasonic 18650PF Data/0degC/Drive cycles/06-02-17_04.58 0degC_US06_Pan18650PF.mat,0degC/Drive cycles,36632,0.0,3672.339002788067,0.09999945759773254,36632,2.4924,4.1748,36632,-13.43748,0.0,36632,-2.32008,0.0,36632,-7.69611,0.0,36632,-34.4797710712,0.0,36632,0.5395334999999997,13.987423666666666,36632,0.0,3672.339002788067,0,,
Panasonic 18650PF Data/0degC/Drive cycles/06-02-17_10.43 0degC_HWFET_Pan18650PF.mat,0degC/Drive cycles,59854,0.0,5998.209006339312,0.09999945759773254,59854,2.55094,4.1748,59854,-6.03482,0.0,59854,-2.32004,0.0,59854,-8.11875,0.0,59854,-15.7069093916,0.0,59854,0.5282113999999996,5.611026300000001,59854,0.0,5998.209006339312,0,,
Panasonic 18650PF Data/0degC/Drive cycles/06-02-17_17.14 0degC_UDDS_Pan18650PF.mat,0degC/Drive cycles,128522,0.0,12868.684001639485,0.09999945759773254,128522,2.49819,4.17416,128522,-7.44921,0.0,128522,-2.3201,-0.0,128522,-8.24579,-0.0,128522,-18.9278208938,0.0,128522,0.5395334999999997,3.505449,128522,0.0,12868.684001639485,0,,
Panasonic 18650PF Data/10degC Trise with pause/07-19-17_10.33 10degC_trise_Cycle_1to4_w_pauses_Pan18650PF.mat,10degC Trise with pause,975255,0.0,97605.58000691235,0.09999945759773254,975255,2.59984,4.22259,975255,-13.42441,9.59988,975255,-2.32008,2.28331,975255,-8.01827,9.06643,975255,-38.7725464126,36.2013313725,975255,9.817975333333335,28.95954,975255,0.0,97605.58000691235,975255,9.0,26.0
Panasonic 18650PF Data/10degC Trise/07-09-17_16.33 10degC_trise_HWFET_UDDS_LA92_NN_Pan18650PF.mat,10degC Trise,483947,0.0,250659.51099917293,0.10000951588153839,483947,2.50398,4.23159,483947,-15.44065,10.35693,483947,-2.32009,2.28838,483947,-8.3113,9.10876,483947,-38.7752466752,37.488449856,483947,10.072774666666668,30.46144,483947,0.0,250659.51099917293,483947,9.0,25.0
Panasonic 18650PF Data/10degC Trise/07-09-17_16.34 3958_PreChg.mat,10degC Trise,40,0.0,2194.3459935486317,59.99999642372131,40,4.14345,4.20007,40,0.0,0.3969,40,0.0,0.04569,40,0.0,0.19191,40,0.0,1.666749798,40,24.15122,24.77888,40,0.0,2194.3459935486317,40,23.0,25.0
Panasonic 18650PF Data/10degC Trise/07-09-17_17.12 3958_Pause1.mat,10degC Trise,121,0.0,7140.001002699137,60.000001452863216,121,4.17755,4.18398,121,0.0,0.0,121,0.0,0.0,121,0.0,0.0,121,0.0,0.0,121,10.084347999999999,22.418979333333333,121,0.0,7140.001002699137,121,9.0,19.0
Panasonic 18650PF Data/10degC Trise/07-09-17_19.11 10degC_trise_Cycle_1_Pan18650PF.mat,10degC Trise,98001,0.0,9818.329997733235,0.10000951588153839,98001,2.69892,4.24832,98001,-12.74172,9.27077,98001,-2.32001,-0.0,98001,-8.04509,-0.0,98001,-38.776045867200004,35.273740313599994,98001,10.084347999999999,27.28951,98001,0.0,9818.329997733235,98001,10.0,23.0
Panasonic 18650PF Data/10degC Trise/07-09-17_21.56 3958_Charge1.mat,10degC Trise,125,0.0,7267.66999438405,59.99999642372131,125,3.3939,4.20007,125,0.0,2.89997,125,0.0,2.26742,125,0.0,9.0053,125,0.0,12.1188366992,125,22.847513,28.53362,125,0.0,7267.66999438405,125,23.0,25.0
Panasonic 18650PF Data/10degC Trise/07-09-17_23.58 3958_Pause2.mat,10degC Trise,121,0.0,7140.00000692904,60.00099219381809,121,4.17047,4.1827,121,0.0,0.0,121,0.0,0.0,121,0.0,0.0,121,0.0,0.0,121,10.072774666666668,23.276036333333334,121,0.0,7140.00000692904,121,9.0,22.0
Panasonic 18650PF Data/10degC Trise/07-10-17_01.57 10degC_trise_Cycle_2_Pan18650PF.mat,10degC Trise,98166,0.0,9834.960997849703,0.09999945759773254,98166,2.94983,4.202,98166,-12.72212,9.2332,98166,-2.32005,-7e-05,98166,-8.03957,-0.00029,98166,-38.775222187000004,35.1734551125,98166,9.875883333333334,25.18237,98166,0.0,9834.960997849703,98166,10.0,22.0
Panasonic 18650PF Data/10degC Trise/07-10-17_04.42 3958_Charge2.mat,10degC Trise,127,0.0,7385.643001645803,59.99999642372131,127,3.38489,4.20007,127,0.0,2.89997,127,0.0,2.2809,127,0.0,9.06359,127,0.0,12.1222225964,127,21.770407666666667,28.10771,127,0.0,7385.643001645803,127,22.0,25.0
Panasonic 18650PF Data/10degC Trise/07-10-17_06.46 3958_Pause3.mat,10degC Trise,121,0.0,7140.006997436285,60.000001452863216,121,4.16983,4.1827,121,0.0,0.0,121,0.0,0.0,121,0.0,0.0,121,0.0,0.0,121,10.072774666666668,23.06756133333333,121,0.0,7140.006997436285,121,9.0,23.0
Panasonic 18650PF Data/10degC Trise/07-10-17_08.45 10degC_trise_Cycle_3_Pan18650PF.mat,10degC Trise,98079,0.0,9826.276997476816,0.09999945759773254,98079,2.97428,4.20779,98079,-12.71967,9.52883,98079,-2.32001,0.0,98079,-8.02196,0.0,98079,-38.7716881216,35.350549967700005,98079,10.084347999999999,23.936202,98079,0.0,9826.276997476816,98079,10.0,22.0
Panasonic 18650PF Data/10degC Trise/07-10-17_11.30 3958_Charge3.mat,10degC Trise,128,0.0,7441.021991148591,60.00000648200512,128,3.37974,4.20007,128,0.0,2.89997,128,0.0,2.28222,128,0.0,9.07069,128,0.0,12.1278195385,128,21.990456,28.11892,128,0.0,7441.021991148591,128,22.0,25.0
Panasonic 18650PF Data/10degC Trise/07-10-17_13.35 3958_Pause4.mat,10degC Trise,121,0.0,7139.999996870756,60.00000648200512,121,4.16918,4.1827,121,0.0,0.0,121,0.0,0.0,121,0.0,0.0,121,0.0,0.0,121,10.084347999999999,23.055988,121,0.0,7139.999996870756,121,9.0,23.0
Panasonic 18650PF Data/10degC Trise/07-10-17_15.34 10degC_trise_Cycle_4_Pan18650PF.mat,10degC Trise,96444,0.0,9662.699007242918,0.09999945759773254,96444,2.90866,4.22259,96444,-13.32152,9.09927,96444,-2.32003,0.0,96444,-8.02736,0.0,96444,-38.7690508224,35.2594413234,96444,10.084347999999999,25.39533,96444,0.0,9662.699007242918,96444,10.0,22.0
Panasonic 18650PF Data/10degC Trise/07-10-17_18.16 3958_Charge4.mat,10degC Trise,128,0.0,7479.665997996926,60.00000648200512,128,3.38038,4.20007,128,0.0,2.89997,128,0.0,2.28325,128,0.0,9.07613,128,0.0,12.1315604998,128,21.990456,28.11892,128,0.0,7479.665997996926,128,22.0,25.0
Panasonic 18650PF Data/10degC Trise/07-10-17_20.21 3958_Pause5.mat,10degC Trise,121,0.0,7140.004000067711,59.99999642372131,121,4.16918,4.1827,121,0.0,0.0,121,0.0,0.0,121,0.0,0.0,121,0.0,0.0,121,10.084347999999999,23.28762,121,0.0,7140.004000067711,121,9.0,23.0
Panasonic 18650PF Data/10degC Trise/07-10-17_23.41 3958_Charge5.mat,10degC Trise,132,0.0,7680.995996296406,60.00000648200512,132,3.36559,4.20007,132,0.0,2.89997,132,0.0,2.29577,132,0.0,9.13717,132,0.0,12.150553509600002,132,19.396128,25.82124,132,0.0,7680.995996296406,132,19.0,23.0
Panasonic 18650PF Data/10degC/5 pulse test/03-27-17_09.06 10degC_5Pulse_HPPC_Pan18650PF.mat,10degC/5 pulse test,91371,0.0,88792.27099120617,0.9960014373064041,91371,2.49883,4.15825,91371,-17.40217,0.0,91371,-2.62175,0.0,91371,-8.92782,0.0,91371,-58.817967527200004,0.0,91371,10.107515333333332,13.790532333333335,91371,0.0,88792.27099120617,0,,
Panasonic 18650PF Data/10degC/5 pulse test/03-27-17_10.29 3423_dis5_10p.mat,10degC/5 pulse test,203,0.0,83930.01500666142,60.007002018392086,203,2.49948,4.09326,203,-0.8697,0.0,203,-2.65019,-0.12364,203,-9.0059,-0.43219,203,-3.4898825864000003,0.0,203,10.536038666666666,13.790532333333335,203,0.0,83930.01500666142,0,,
Panasonic 18650PF Data/10degC/Charges and Pauses/03-28-17_09.49 3423_Charge2a.mat,10degC/Charges and Pauses,126,0.0,7357.096002995968,59.99999642372131,126,3.16935,4.20007,126,0.0,2.89997,126,0.0,2.64174,126,0.0,10.40269,126,0.0,12.137157441900001,126,11.833202666666667,24.77888,126,0.0,7357.096002995968,0,,
Panasonic 18650PF Data/10degC/Charges and Pauses/03-28-17_11.52 3423_Pause1.mat,10degC/Charges and Pauses,61,0.0,3540.0039933621883,59.999498538672924,61,4.18077,4.18784,61,0.0,0.0,61,0.0,0.0,61,0.0,0.0,61,0.0,0.0,61,10.547622333333333,23.727726999999998,61,0.0,3540.0039933621883,0,,
Panasonic 18650PF Data/10degC/Charges and Pauses/03-28-17_15.29 3423_Charge1.mat,10degC/Charges and Pauses,112,0.0,6528.348999470472,60.00000648200512,112,3.46789,4.20007,112,0.0,2.89997,112,0.0,2.15899,112,0.0,8.61271,112,0.0,12.174790487200001,112,12.470211333333333,24.57713,112,0.0,6528.348999470472,0,,
Panasonic 18650PF Data/10degC/Charges and Pauses/03-28-17_17.19 3423_Pause2.mat,10degC/Charges and Pauses,61,0.0,3539.9939954280853,60.00000648200512,61,4.18077,4.1872,61,0.0,0.0,61,0.0,0.0,61,0.0,0.0,61,0.0,0.0,61,10.547622333333333,23.75089433333333,61,0.0,3539.9939954280853,0,,
Panasonic 18650PF Data/10degC/Charges and Pauses/04-05-17_14.13 3423_Charge2.mat,10degC/Charges and Pauses,115,0.0,6705.452001839876,59.99999642372131,115,3.47496,4.20007,115,0.0,2.89997,115,0.0,2.13272,115,0.0,8.51,115,0.0,12.155804249000001,115,12.481784666666666,21.781981,115,0.0,6705.452001839876,0,,
Panasonic 18650PF Data/10degC/Charges and Pauses/04-05-17_16.05 3423_Pause3.mat,10degC/Charges and Pauses,61,0.0,3540.007996559143,59.99999642372131,61,4.17948,4.18656,61,0.0,0.0,61,0.0,0.0,61,0.0,0.0,61,0.0,0.0,61,10.512881666666667,20.716459333333333,61,0.0,3540.007996559143,0,,
Panasonic 18650PF Data/10degC/Charges and Pauses/04-05-17_19.54 3423_Charge3.mat,10degC/Charges and Pauses,119,0.0,6954.712005704641,60.00000648200512,119,3.34114,4.20007,119,0.0,2.89997,119,0.0,2.50756,119,0.0,9.89321,119,0.0,12.1576892295,119,12.493368333333333,25.19358,119,0.0,6954.712005704641,0,,
Panasonic 18650PF Data/10degC/Charges and Pauses/04-05-17_21.51 3423_Pause4.mat,10degC/Charges and Pauses,61,0.0,3540.001006051898,59.99999642372131,61,4.18077,4.18784,61,0.0,0.0,61,0.0,0.0,61,0.0,0.0,61,0.0,0.0,61,10.547622333333333,23.716143333333335,61,0.0,3540.001006051898,0,,
Panasonic 18650PF Data/10degC/Charges and Pauses/04-06-17_01.36 3423_Charge4.mat,10degC/Charges and Pauses,119,0.0,6913.177992403507,59.99999642372131,119,3.36237,4.20007,119,0.0,2.89997,119,0.0,2.45123,119,0.0,9.69019,119,0.0,12.174790487200001,119,12.481784666666666,25.2272,119,0.0,6913.177992403507,0,,
Panasonic 18650PF Data/10degC/Charges and Pauses/04-06-17_03.32 3423_Pause5.mat,10degC/Charges and Pauses,61,0.0,3540.002001821995,59.99999642372131,61,4.18141,4.18784,61,0.0,0.0,61,0.0,0.0,61,0.0,0.0,61,0.0,0.0,61,10.744513666666666,23.716143333333335,61,0.0,3540.002001821995,0,,
Panasonic 18650PF Data/10degC/Drive Cycles/03-27-17_09.06 10degC_HWFET_Pan18650PF.mat,10degC/Drive Cycles,70406,0.0,10591.391002759337,0.09899362921714783,70406,2.50977,4.21487,70406,-5.34233,5.41285,70406,-2.54858,-0.0,70406,-9.01772,0.0,70406,-15.710006283,19.2746761897,70406,10.559206,23.727726999999998,70406,0.0,10591.391002759337,0,,
Panasonic 18650PF Data/10degC/Drive Cycles/03-27-17_09.06 10degC_LA92_Pan18650PF.mat,10degC/Drive Cycles,125951,0.0,16145.181005448103,0.09899362921714783,125951,2.50269,4.32296,125951,-10.47478,9.46432,125951,-2.3733,-0.0,125951,-8.19525,0.0,125951,-26.4563379198,35.409297654,125951,10.304406666666667,23.924618333333335,125951,0.0,16145.181005448103,0,,
Panasonic 18650PF Data/10degC/Drive Cycles/03-27-17_09.06 10degC_NN_Pan18650PF.mat,10degC/Drive Cycles,105109,0.0,14078.54400537908,0.09899362921714783,105109,2.50334,4.23417,105109,-15.13931,7.78444,105109,-2.36093,-0.0,105109,-7.77575,0.0,105109,-38.7783988038,28.754289785100003,105109,10.524465333333334,23.484511333333334,105109,0.0,14078.54400537908,0,,
Panasonic 18650PF Data/10degC/Drive Cycles/03-27-17_09.06 10degC_UDDS_Pan18650PF.mat,10degC/Drive Cycles,210465,0.0,24609.7570002079,0.10099522769451141,210465,2.50012,4.20714,210465,-6.8939,4.25563,210465,-2.57838,-0.0,210465,-9.09719,0.0,210465,-18.938348279400003,13.8620442051,210465,10.536038666666666,23.716143333333335,210465,0.0,24609.7570002079,0,,
Panasonic 18650PF Data/10degC/Drive Cycles/03-27-17_09.06 10degC_US06_HWFET_UDDS_LA92_NN_Pan18650PF.mat,10degC/Drive Cycles,555312,0.0,284125.6859946996,0.09999945759773254,555312,2.50012,4.32296,555312,-20.76011,9.46432,555312,-2.57838,2.51718,555312,-9.09719,9.93698,555312,-53.5440598446,35.409297654,555312,10.304406666666667,25.38412,555312,0.0,284125.6859946996,0,,
Panasonic 18650PF Data/10degC/Drive Cycles/03-27-17_09.06 10degC_US06_Pan18650PF.mat,10degC/Drive Cycles,42000,0.0,4210.936000943184,0.09899362921714783,42000,2.50141,4.2258,42000,-20.76011,7.46431,42000,-2.27929,0.0,42000,-7.69404,0.0,42000,-53.5440598446,26.6345988006,42000,10.547622333333333,18.990772,42000,0.0,4210.936000943184,0,,
Panasonic 18650PF Data/10degC/Drive Cycles/03-28-17_12.51 10degC_Cycle_1_Pan18650PF.mat,10degC/Drive Cycles,93794,0.0,9395.735005661845,0.09899362921714783,93794,2.50462,4.27277,93794,-19.73852,9.23157,93794,-2.191,0.0,93794,-7.66696,0.0,93794,-53.5215065964,35.223001452,93794,10.559206,15.296171333333334,93794,0.0,9395.735005661845,0,,
Panasonic 18650PF Data/10degC/Drive Cycles/03-28-17_18.18 10degC_Cycle_2_Pan18650PF.mat,10degC/Drive Cycles,81096,0.0,8123.496995866299,0.09899362921714783,81096,2.50462,4.30494,81096,-21.06144,9.43002,81096,-2.13133,-8e-05,81096,-7.39969,-0.00033,81096,-53.5452219792,36.469942248600006,81096,10.524465333333334,17.033442333333333,81096,0.0,8123.496995866299,0,,
Panasonic 18650PF Data/10degC/Drive Cycles/04-05-17_17.04 10degC_Cycle_3_Pan18650PF.mat,10degC/Drive Cycles,100796,0.0,10097.820998355746,0.09899362921714783,100796,2.50784,4.211,100796,-18.86228,9.39408,100796,-2.54061,-4e-05,100796,-8.70022,-0.00018,100796,-53.542858383,35.4184612488,100796,10.524465333333334,15.956337000000001,100796,0.0,10097.820998355746,0,,
Panasonic 18650PF Data/10degC/Drive Cycles/04-05-17_22.50 10degC_Cycle_4_Pan18650PF.mat,10degC/Drive Cycles,98987,0.0,9917.012996971607,0.09899362921714783,98987,2.50269,4.22645,98987,-19.98922,9.54353,98987,-2.48574,-0.0,98987,-8.53853,-0.0,98987,-53.5177466728,36.371348343,98987,10.559206,16.396444,98987,0.0,9917.012996971607,0,,
Panasonic 18650PF Data/Panasonic 18650PF Data/25degC/1C discharge tests_end_of_tests/07-22-17_22.08 4020_TS003628.mat,Panasonic 18650PF Data/25degC/1C discharge tests_end_of_tests,1,0.0,0.0,,1,4.14988,4.14988,1,0.0,0.0,1,0.0,0.0,1,0.0,0.0,1,0.0,0.0,1,24.77888,24.77888,1,0.0,0.0,1,25.0,25.0
Panasonic 18650PF Data/Panasonic 18650PF Data/25degC/1C discharge tests_end_of_tests/07-22-17_22.09 4020_Charge1.mat,Panasonic 18650PF Data/25degC/1C discharge tests_end_of_tests,38,0.0,2058.585997670889,60.00050436705351,38,4.14924,4.20007,38,0.0,0.31768,38,0.0,0.03535,38,0.0,0.14847,38,0.0,1.3342782376000002,38,23.73931066666667,24.58834,38,0.0,2058.585997670889,38,22.0,25.0
Panasonic 18650PF Data/Panasonic 18650PF Data/25degC/1C discharge tests_end_of_tests/07-22-17_22.44 4020_Dis1C_1.mat,Panasonic 18650PF Data/25degC/1C discharge tests_end_of_tests,335,0.0,3322.2140058875084,9.999996051192284,335,2.49948,3.95284,335,-2.89982,0.0,335,-2.40675,0.02731,335,-8.36466,0.11655,335,-11.45928316,0.0,335,24.57713,33.35315,335,0.0,3322.2140058875084,335,25.0,26.0
Panasonic 18650PF Data/Panasonic 18650PF Data/25degC/1C discharge tests_end_of_tests/07-22-17_22.44 4020_Pause_1.mat,Panasonic 18650PF Data/25degC/1C discharge tests_end_of_tests,1,0.0,0.0,,1,4.18398,4.18398,1,0.0,0.0,1,0.03535,0.03535,1,0.14847,0.14847,1,0.0,0.0,1,24.58834,24.58834,1,0.0,0.0,1,25.0,25.0
Panasonic 18650PF Data/Panasonic 18650PF Data/25degC/1C discharge tests_end_of_tests/07-22-17_23.40 4020_Charge2.mat,Panasonic 18650PF Data/25degC/1C discharge tests_end_of_tests,126,0.0,7333.451995253563,59.99999642372131,126,3.31026,4.20007,126,0.0,2.89997,126,0.0,2.4015,126,0.0,9.47095,126,0.0,12.1651421524,126,24.77888,30.01311,126,0.0,7333.451995253563,126,24.0,25.0
Panasonic 18650PF Data/Panasonic 18650PF Data/25degC/1C discharge tests_end_of_tests/07-23-17_01.42 4020_Dis1C_Rp.mat,Panasonic 18650PF Data/25degC/1C discharge tests_end_of_tests,3200,0.0,98160.03600172698,9.999996051192284,3200,2.71822,3.97343,3200,-2.89982,0.0,3200,-0.02402,2.39345,3200,0.92863,9.43883,3200,-11.51897357,0.0,3200,24.76767,32.51254,3200,0.0,98160.03600172698,3200,24.0,25.0
Panasonic 18650PF Data/Panasonic 18650PF Data/25degC/1C discharge tests_end_of_tests/07-23-17_01.42 4020_Pause_Rp.mat,Panasonic 18650PF Data/25degC/1C discharge tests_end_of_tests,10,0.0,94989.51100409031,10531.915002688766,10,4.1827,4.1827,10,0.0,0.0,10,2.296,2.4015,10,9.08782,9.47095,10,0.0,0.0,10,24.75646,25.00304,10,0.0,94989.51100409031,10,25.0,25.0
Panasonic 18650PF Data/Panasonic 18650PF Data/25degC/1C discharge tests_end_of_tests/07-23-17_02.36 4020_ChargeRp.mat,Panasonic 18650PF Data/25degC/1C discharge tests_end_of_tests,1253,0.0,102235.33799685538,60.00000648200512,1253,3.34307,4.20007,1253,0.0,2.89997,1253,0.0,2.29737,1253,0.0,9.11081,1253,0.0,12.1763360366,1253,24.57713,30.4166,1253,0.0,102235.33799685538,1253,24.0,25.0
Panasonic 18650PF Data/Panasonic 18650PF Data/25degC/1C discharge tests_end_of_tests/07-24-17_07.00 4020_Dis1C_2.mat,Panasonic 18650PF Data/25degC/1C discharge tests_end_of_tests,325,0.0,3222.9609936475754,10.00000610947609,325,2.49948,3.96313,325,-2.89982,0.0,325,-0.06897,2.2851,325,0.91086,9.06537,325,-11.48911387,0.0,325,24.99183,33.56611,325,0.0,3222.9609936475754,325,25.0,25.0
Panasonic 18650PF Data/Panasonic 18650PF Data/25degC/1C discharge tests_end_of_tests/07-24-17_07.00 4020_Pause_2.mat,Panasonic 18650PF Data/25degC/1C discharge tests_end_of_tests,1,0.0,0.0,,1,4.18012,4.18012,1,0.0,0.0,1,2.29315,2.29315,1,9.09741,9.09741,1,0.0,0.0,1,25.00304,25.00304,1,0.0,0.0,1,25.0,25.0
Panasonic 18650PF Data/Panasonic 18650PF Data/25degC/1C discharge tests_end_of_tests/07-24-17_07.55 4020_Charge3.mat,Panasonic 18650PF Data/25degC/1C discharge tests_end_of_tests,131,0.0,7596.617998927832,59.99999642372131,131,3.31733,4.20007,131,0.0,2.89997,131,0.0,2.34314,131,0.0,9.28581,131,0.0,12.1225766156,131,24.77888,30.42781,131,0.0,7596.617998927832,131,24.0,25.0
Panasonic 18650PF Data/Panasonic 18650PF Data/25degC/5 pulse disch/03-11-17_08.47 25degC_5Pulse_HPPC_Pan18650PF.mat,Panasonic 18650PF Data/25degC/5 pulse disch,102800,0.0,97599.39900040627,0.9960014373064041,102800,2.49819,4.17497,102800,-17.40298,0.0,102800,-2.7728,0.0,102800,-9.61771,0.0,102800,-63.40271813460001,0.0,102800,25.33929,27.93959,102800,0.0,97599.39900040627,102800,25.0,25.0
Panasonic 18650PF Data/Panasonic 18650PF Data/25degC/5 pulse disch/03-11-17_10.10 3390_dis5_10p.mat,Panasonic 18650PF Data/25degC/5 pulse disch,511,0.0,163640.95000103116,60.00399962067604,511,2.49948,4.12011,511,-0.8697,0.0,511,-2.83264,-0.01449,511,-10.09287,-0.05985,511,-3.5832596670000005,0.0,511,25.41774,27.51368,511,0.0,163640.95000103116,511,25.0,25.0
Panasonic 18650PF Data/Panasonic 18650PF Data/25degC/C20 OCV and 1C discharge tests_start_of_tests/03-09-17_15.12 3349_TS002973.mat,Panasonic 18650PF Data/25degC/C20 OCV and 1C discharge tests_start_of_tests,1,0.0,0.0,,1,3.60879,3.60879,1,0.0,0.0,1,0.0,0.0,1,0.0,0.0,1,0.0,0.0,1,-1.7936764,-1.7936764,1,0.0,0.0,1,0.0,0.0
Panasonic 18650PF Data/Panasonic 18650PF Data/25degC/C20 OCV and 1C discharge tests_start_of_tests/03-09-17_15.13 3349_Charge1.mat,Panasonic 18650PF Data/25degC/C20 OCV and 1C discharge tests_start_of_tests,169,0.0,9961.049994081259,59.99999642372131,169,3.60879,4.20007,169,0.0,2.89997,169,0.0,1.71125,169,0.0,6.97425,169,0.0,12.1580043508,169,-1.5660438,24.80129,169,0.0,9961.049994081259,169,0.0,25.0
Panasonic 18650PF Data/Panasonic 18650PF Data/25degC/C20 OCV and 1C discharge tests_start_of_tests/03-09-17_17.59 3349_Dis1C_1.mat,Panasonic 18650PF Data/25degC/C20 OCV and 1C discharge tests_start_of_tests,380,0.0,3774.380996078253,9.999996051192284,380,2.49948,4.0442,380,-2.89982,0.0,380,-1.09507,1.70319,380,-2.87968,6.94156,380,-11.727452044,0.0,380,24.98062,32.92724,380,0.0,3774.380996078253,380,25.0,26.0
Panasonic 18650PF Data/Panasonic 18650PF Data/25degC/C20 OCV and 1C discharge tests_start_of_tests/03-09-17_17.59 3349_Pause_1.mat,Panasonic 18650PF Data/25degC/C20 OCV and 1C discharge tests_start_of_tests,1,0.0,0.0,,1,4.18913,4.18913,1,0.0,0.0,1,1.71125,1.71125,1,6.97425,6.97425,1,0.0,0.0,1,24.80129,24.80129,1,0.0,0.0,1,25.0,25.0
Panasonic 18650PF Data/Panasonic 18650PF Data/25degC/C20 OCV and 1C discharge tests_start_of_tests/03-09-17_19.03 3349_Charge2.mat,Panasonic 18650PF Data/25degC/C20 OCV and 1C discharge tests_start_of_tests,123,0.0,7190.123995766044,60.00000648200512,123,3.21117,4.20007,123,0.0,2.89997,123,0.0,2.78376,123,0.0,10.83754,123,0.0,12.1580043508,123,25.60828,30.01311,123,0.0,7190.123995766044,123,25.0,25.0
Panasonic 18650PF Data/Panasonic 18650PF Data/25degC/C20 OCV and 1C discharge tests_start_of_tests/03-09-17_21.03 3349_Dis1C_Rp.mat,Panasonic 18650PF Data/25degC/C20 OCV and 1C discharge tests_start_of_tests,3200,0.0,89221.58699892461,9.999996051192284,3200,3.24256,4.05513,3200,-2.89982,0.0,3200,-0.01939,2.7757,3200,0.69733,10.8048,3200,-11.759147076600001,0.0,3200,25.42895,29.37424,3200,0.0,89221.58699892461,3200,25.0,25.0
Panasonic 18650PF Data/Panasonic 18650PF Data/25degC/C20 OCV and 1C discharge tests_start_of_tests/03-09-17_21.03 3349_Pause_Rp.mat,Panasonic 18650PF Data/25degC/C20 OCV and 1C discharge tests_start_of_tests,10,0.0,86050.9250074625,9559.575999900699,10,4.18977,4.18977,10,0.0,0.0,10,2.30069,2.78376,10,9.08306,10.83754,10,0.0,0.0,10,25.42895,25.84366,10,0.0,86050.9250074625,10,25.0,25.0
Panasonic 18650PF Data/Panasonic 18650PF Data/25degC/C20 OCV and 1C discharge tests_start_of_tests/03-09-17_21.57 3349_ChargeRp.mat,Panasonic 18650PF Data/25degC/C20 OCV and 1C discharge tests_start_of_tests,1090,0.0,92368.8939973712,59.99999642372131,1090,3.43507,4.20007,1090,0.0,2.89997,1090,0.0,2.30181,1090,0.0,9.09331,1090,0.0,12.176674941200002,1090,25.40653,30.21486,1090,0.0,92368.8939973712,1090,25.0,25.0
Panasonic 18650PF Data/Panasonic 18650PF Data/25degC/C20 OCV and 1C discharge tests_start_of_tests/03-10-17_23.36 3349_Dis1C_2.mat,Panasonic 18650PF Data/25degC/C20 OCV and 1C discharge tests_start_of_tests,374,0.0,3716.5679924190044,9.999996051192284,374,2.49948,4.0532,374,-2.89982,0.0,374,-0.45896,2.29264,374,-0.62623,9.05086,374,-11.750226800000002,0.0,374,25.61949,32.54616,374,0.0,3716.5679924190044,374,25.0,25.0
Panasonic 18650PF Data/Panasonic 18650PF Data/25degC/C20 OCV and 1C discharge tests_start_of_tests/03-10-17_23.36 3349_Pause_2.mat,Panasonic 18650PF Data/25degC/C20 OCV and 1C discharge tests_start_of_tests,1,0.0,0.0,,1,4.18977,4.18977,1,0.0,0.0,1,2.3007,2.3007,1,9.08363,9.08363,1,0.0,0.0,1,25.6307,25.6307,1,0.0,0.0,1,25.0,25.0
Panasonic 18650PF Data/Panasonic 18650PF Data/25degC/C20 OCV and 1C discharge tests_start_of_tests/03-11-17_00.39 3349_Charge3.mat,Panasonic 18650PF Data/25degC/C20 OCV and 1C discharge tests_start_of_tests,120,0.0,6936.531003937125,59.99999642372131,120,3.19058,4.20007,120,0.0,2.89997,120,0.0,2.73713,120,0.0,10.65813,120,0.0,12.142754384,120,25.6307,30.02432,120,0.0,6936.531003937125,120,25.0,25.0
Panasonic 18650PF Data/Panasonic 18650PF Data/25degC/C20 OCV and 1C discharge tests_start_of_tests/03-28-17_15.29 3423_Charge1.mat,Panasonic 18650PF Data/25degC/C20 OCV and 1C discharge tests_start_of_tests,112,0.0,6528.348999470472,60.00000648200512,112,3.46789,4.20007,112,0.0,2.89997,112,0.0,2.15899,112,0.0,8.61271,112,0.0,12.174790487200001,112,12.470211333333333,24.57713,112,0.0,6528.348999470472,0,,
Panasonic 18650PF Data/Panasonic 18650PF Data/25degC/C20 OCV and 1C discharge tests_start_of_tests/05-08-17_13.26 C20 OCV Test_C20_25dC.mat,Panasonic 18650PF Data/25degC/C20 OCV and 1C discharge tests_start_of_tests,2453,0.0,195824.47700500488,59.99999642372131,2453,2.49948,4.20007,2453,-0.14536,0.14537,2453,-2.96774,0.02958,2453,-10.91538,0.12424,2453,-0.6052586896,0.6105641759,2453,11.416263,26.09024,2453,0.0,195824.47700500488,2453,10.0,25.0
Panasonic 18650PF Data/Panasonic 18650PF Data/25degC/Charges and Pauses/03-11-17_08.25 3390_TS003014.mat,Panasonic 18650PF Data/25degC/Charges and Pauses,17,0.0,170107.4479982257,4502.438000589609,17,3.30189,4.18012,17,0.0,0.0,17,-2.755,0.0,17,-10.09287,0.0,17,0.0,0.0,17,25.61949,25.84366,17,0.0,170107.4479982257,17,25.0,25.0
Panasonic 18650PF Data/Panasonic 18650PF Data/25degC/Charges and Pauses/03-12-17_11.58 3390_Charge_2.mat,Panasonic 18650PF Data/25degC/Charges and Pauses,123,0.0,10682.918991521,59.99999642372131,123,2.90813,4.20007,123,0.0,2.89997,123,0.0,2.81395,123,0.0,10.92685,123,0.0,12.1654841836,123,25.61949,30.21486,123,0.0,10682.918991521,123,25.0,25.0
Panasonic 18650PF Data/Panasonic 18650PF Data/25degC/Charges and Pauses/03-18-17_00.05 3406_Charge1.mat,Panasonic 18650PF Data/25degC/Charges and Pauses,120,0.0,24684.956994652748,60.00050436705351,120,3.29932,4.20007,120,0.0,2.89997,120,0.0,2.66973,120,0.0,10.4061,120,0.0,12.140898403200001,120,0.7546231000000001,30.45023,120,0.0,24684.956994652748,120,0.0,25.0
Panasonic 18650PF Data/Panasonic 18650PF Data/25degC/Charges and Pauses/03-18-17_00.23 3406_Pause1.mat,Panasonic 18650PF Data/25degC/Charges and Pauses,116,0.0,6841.905999183655,60.00000648200512,116,4.17176,4.18141,116,0.0,0.0,116,0.0,0.0,116,0.0,0.0,116,0.0,0.0,116,0.9697026000000002,21.978872333333335,116,0.0,6841.905999183655,116,1.0,23.0
Panasonic 18650PF Data/Panasonic 18650PF Data/25degC/Charges and Pauses/03-19-17_02.26 3406_Pause2.mat,Panasonic 18650PF Data/25degC/Charges and Pauses,61,0.0,3540.004999190569,59.999000653624535,61,4.18205,4.19363,61,0.0,0.0,61,0.0,0.0,61,0.0,0.0,61,0.0,0.0,61,25.42895,25.84366,61,0.0,3540.004999190569,61,25.0,25.0
Panasonic 18650PF Data/Panasonic 18650PF Data/25degC/Charges and Pauses/03-19-17_06.31 3406_Charge2.mat,Panasonic 18650PF Data/25degC/Charges and Pauses,99,0.0,5729.032001271844,59.99999642372131,99,3.29674,4.20007,99,0.0,2.89997,99,0.0,2.67648,99,0.0,10.43253,99,0.0,12.1300274568,99,25.6307,30.24848,99,0.0,5729.032001271844,99,25.0,25.0
Panasonic 18650PF Data/Panasonic 18650PF Data/25degC/Charges and Pauses/03-19-17_08.08 3406_Pause3.mat,Panasonic 18650PF Data/25degC/Charges and Pauses,61,0.0,3540.008006617427,59.999000653624535,61,4.18205,4.19363,61,0.0,0.0,61,0.0,0.0,61,0.0,0.0,61,0.0,0.0,61,25.41774,25.85486,61,0.0,3540.008006617427,61,25.0,25.0
Panasonic 18650PF Data/Panasonic 18650PF Data/25degC/Charges and Pauses/03-19-17_11.59 3406_Charge3.mat,Panasonic 18650PF Data/25degC/Charges and Pauses,95,0.0,5490.4969945549965,59.99999642372131,95,3.36366,4.20007,95,0.0,2.89997,95,0.0,2.49724,95,0.0,9.78742,95,0.0,12.171079562400003,95,25.6307,30.24848,95,0.0,5490.4969945549965,95,25.0,25.0
Panasonic 18650PF Data/Panasonic 18650PF Data/25degC/Charges and Pauses/03-19-17_13.32 3406_Pause4.mat,Panasonic 18650PF Data/25degC/Charges and Pauses,61,0.0,3540.0000002235174,59.99999642372131,61,4.18205,4.19363,61,0.0,0.0,61,0.0,0.0,61,0.0,0.0,61,0.0,0.0,61,25.61949,25.64191,61,0.0,3540.0000002235174,61,25.0,25.0
Panasonic 18650PF Data/Panasonic 18650PF Data/25degC/Charges and Pauses/03-19-17_17.53 3406_Charge4.mat,Panasonic 18650PF Data/25degC/Charges and Pauses,101,0.0,5847.287002578378,59.99999642372131,101,3.09729,4.20007,101,0.0,2.89997,101,0.0,2.7597,101,0.0,10.72982,101,0.0,12.159545210300001,101,25.6307,30.43902,101,0.0,5847.287002578378,101,25.0,25.0
Panasonic 18650PF Data/Panasonic 18650PF Data/25degC/Charges and Pauses/03-20-17_00.44 3415_Pause1.mat,Panasonic 18650PF Data/25degC/Charges and Pauses,61,0.0,3540.004003420472,60.00000648200512,61,4.17755,4.17819,61,0.0,0.0,61,0.0,0.0,61,0.0,0.0,61,0.0,0.0,61,24.58834,25.85486,61,0.0,3540.004003420472,61,21.0,26.0
Panasonic 18650PF Data/Panasonic 18650PF Data/25degC/Charges and Pauses/03-20-17_03.05 3415_Charge1.mat,Panasonic 18650PF Data/25degC/Charges and Pauses,115,0.0,6684.274999424815,60.00000648200512,115,3.34242,4.20007,115,0.0,2.89997,115,0.0,2.56896,115,0.0,10.05015,115,0.0,12.1539482682,115,25.6307,30.45023,115,0.0,6684.274999424815,115,25.0,25.0
Panasonic 18650PF Data/Panasonic 18650PF Data/25degC/Charges and Pauses/03-20-17_04.57 3415_Pause2.mat,Panasonic 18650PF Data/25degC/Charges and Pauses,61,0.0,3539.9920038878918,59.99999642372131,61,4.18141,4.18849,61,0.0,0.0,61,0.0,0.0,61,0.0,0.0,61,0.0,0.0,61,25.6307,25.64191,61,0.0,3539.9920038878918,61,25.0,25.0
Panasonic 18650PF Data/Panasonic 18650PF Data/25degC/Charges and Pauses/03-20-17_08.04 3415_Charge2.mat,Panasonic 18650PF Data/25degC/Charges and Pauses,119,0.0,6859.312995895743,60.00000648200512,119,3.28452,4.20007,119,0.0,2.89997,119,0.0,2.6765,119,0.0,10.44239,119,0.0,12.1483513261,119,25.6307,30.45023,119,0.0,6859.312995895743,119,25.0,25.0
Panasonic 18650PF Data/Panasonic 18650PF Data/25degC/Charges and Pauses/03-20-17_18.28 3416_Pause2.mat,Panasonic 18650PF Data/25degC/Charges and Pauses,61,0.0,3540.0099981576204,59.99999642372131,61,4.17433,4.17497,61,0.0,0.0,61,0.0,0.0,61,0.0,0.0,61,0.0,0.0,61,24.57713,25.65312,61,0.0,3540.0099981576204,61,22.0,26.0
Panasonic 18650PF Data/Panasonic 18650PF Data/25degC/Charges and Pauses/03-20-17_21.35 3416_Charge2.mat,Panasonic 18650PF Data/25degC/Charges and Pauses,118,0.0,6865.306003019214,59.99999642372131,118,3.28323,4.20007,118,0.0,2.89997,118,0.0,2.67538,118,0.0,10.43937,118,0.0,12.1502073069,118,25.61949,30.45023,118,0.0,6865.306003019214,118,25.0,25.0
Panasonic 18650PF Data/Panasonic 18650PF Data/25degC/Charges and Pauses/03-20-17_23.30 3416_Pause3.mat,Panasonic 18650PF Data/25degC/Charges and Pauses,61,0.0,3540.004003420472,60.00000648200512,61,4.18141,4.18849,61,0.0,0.0,61,0.0,0.0,61,0.0,0.0,61,0.0,0.0,61,25.61949,25.65312,61,0.0,3540.004003420472,61,25.0,25.0
Panasonic 18650PF Data/Panasonic 18650PF Data/25degC/Charges and Pauses/03-21-17_06.44 3416_Charge3.mat,Panasonic 18650PF Data/25degC/Charges and Pauses,117,0.0,6828.467005491257,59.99999642372131,117,3.31733,4.20007,117,0.0,2.89997,117,0.0,2.63449,117,0.0,10.29545,117,0.0,12.143102668400001,117,25.61949,30.45023,117,0.0,6828.467005491257,117,25.0,25.0
Panasonic 18650PF Data/Panasonic 18650PF Data/25degC/Charges and Pauses/03-21-17_08.39 3416_Pause4.mat,Panasonic 18650PF Data/25degC/Charges and Pauses,61,0.0,3540.0000002235174,59.99999642372131,61,4.18077,4.18849,61,0.0,0.0,61,0.0,0.0,61,0.0,0.0,61,0.0,0.0,61,25.61949,25.85486,61,0.0,3540.0000002235174,61,25.0,25.0
Panasonic 18650PF Data/Panasonic 18650PF Data/25degC/Charges and Pauses/03-21-17_13.34 3416_Charge4.mat,Panasonic 18650PF Data/25degC/Charges and Pauses,116,0.0,6745.326006039977,60.00099219381809,116,3.345,4.20007,116,0.0,2.89997,116,0.0,2.54416,116,0.0,9.97066,116,0.0,12.139362752,116,25.41774,30.43902,116,0.0,6745.326006039977,116,25.0,25.0
Panasonic 18650PF Data/Panasonic 18650PF Data/25degC/Charges and Pauses/03-21-17_15.28 3416_Pause5.mat,Panasonic 18650PF Data/25degC/Charges and Pauses,61,0.0,3540.004999190569,60.00099219381809,61,4.18141,4.18849,61,0.0,0.0,61,0.0,0.0,61,0.0,0.0,61,0.0,0.0,61,25.40653,25.6307,61,0.0,3540.004999190569,61,25.0,25.0
Panasonic 18650PF Data/Panasonic 18650PF Data/25degC/Charges and Pauses/03-21-17_19.43 3416_Charge5.mat,Panasonic 18650PF Data/25degC/Charges and Pauses,117,0.0,6724.312008172274,60.00000648200512,117,3.35401,4.20007,117,0.0,2.89997,117,0.0,2.51344,117,0.0,9.86057,117,0.0,12.174790487200001,117,25.61949,30.43902,117,0.0,6724.312008172274,117,25.0,25.0
Panasonic 18650PF Data/Panasonic 18650PF Data/25degC/Charges and Pauses/04-27-17_08.52 3541_Charge1a.mat,Panasonic 18650PF Data/25degC/Charges and Pauses,4,0.0,21.33500799536705,4.066000878810883,4,4.16918,4.20007,4,0.0,0.47121,4,0.0,0.00059,3,0.0,0.00247,4,0.0,1.9791149847000002,4,25.64191,25.85486,4,0.0,21.33500799536705,1,0.0,0.0
Panasonic 18650PF Data/Panasonic 18650PF Data/25degC/Charges and Pauses/04-27-17_11.53 3541_dis5_10p.mat,Panasonic 18650PF Data/25degC/Charges and Pauses,305,0.0,177172.6060051471,60.002993792295456,305,2.49948,4.09905,305,-0.8697,0.0,305,-2.80193,-0.01449,0,,,305,-3.5541710176,0.0,305,23.970942666666666,27.52489,305,0.0,177172.6060051471,305,0.0,0.0
Panasonic 18650PF Data/Panasonic 18650PF Data/25degC/Charges and Pauses/04-29-17_13.07 3541_Charge2a.mat,Panasonic 18650PF Data/25degC/Charges and Pauses,123,0.0,7036.0580038279295,59.99999642372131,123,2.98792,4.20007,123,0.0,2.89997,123,0.0,2.74855,0,,,123,0.0,12.129704518999999,123,25.6307,30.23727,123,0.0,7036.0580038279295,123,0.0,0.0
Panasonic 18650PF Data/Panasonic 18650PF Data/25degC/Drive cycles/03-18-17_02.17 25degC_Cycle_1_Pan18650PF.mat,Panasonic 18650PF Data/25degC/Drive cycles,109641,0.0,10983.911997824907,0.09999945759773254,109641,2.50205,4.21744,109641,-19.43637,10.70564,109641,-2.69557,-0.0,109641,-9.41456,-0.0,109641,-53.557062216,36.8090949556,109641,21.770407666666667,30.02432,109641,0.0,10983.911997824907,109641,23.0,26.0
Panasonic 18650PF Data/Panasonic 18650PF Data/25degC/Drive cycles/03-19-17_03.25 25degC_Cycle_2_Pan18650PF.mat,Panasonic 18650PF Data/25degC/Drive cycles,111268,0.0,11147.045995295048,0.10099522769451141,111268,2.50527,4.20586,111268,-18.20817,9.8702,111268,-2.7114,-8e-05,111268,-9.47802,-0.00033,111268,-53.5610128417,36.045488694,111268,25.61949,29.5984,111268,0.0,11147.045995295048,111268,25.0,25.0
Panasonic 18650PF Data/Panasonic 18650PF Data/25degC/Drive cycles/03-19-17_09.07 25degC_Cycle_3_Pan18650PF.mat,Panasonic 18650PF Data/25degC/Drive cycles,102441,0.0,10264.102001488209,0.10099522769451141,102441,2.50848,4.20907,102441,-17.23313,9.51822,102441,-2.53031,-4e-05,102441,-8.93692,-0.00018,102441,-53.557680960400006,35.940810416400005,102441,25.42895,29.40786,102441,0.0,10264.102001488209,102441,25.0,25.0
Panasonic 18650PF Data/Panasonic 18650PF Data/25degC/Drive cycles/03-19-17_14.31 25degC_Cycle_4_Pan18650PF.mat,Panasonic 18650PF Data/25degC/Drive cycles,120863,0.0,12106.507005169988,0.09999945759773254,120863,2.50848,4.22001,120863,-17.85213,10.05885,120863,-2.79817,0.0,120863,-9.68923,0.0,120863,-53.5630114512,36.4620235995,120863,25.41774,29.19491,120863,0.0,12106.507005169988,120863,25.0,25.0
Panasonic 18650PF Data/Panasonic 18650PF Data/25degC/Drive cycles/03-20-17_01.43 25degC_US06_Pan18650PF.mat,Panasonic 18650PF Data/25degC/Drive cycles,48061,0.0,4818.869999796152,0.10099522769451141,48061,2.49369,4.22259,48061,-20.82217,7.57456,48061,-2.58596,0.0,48061,-8.86022,0.0,48061,-53.5640192217,26.4577865888,48061,25.60828,32.97207,48061,0.0,4818.869999796152,48061,25.0,25.0
Panasonic 18650PF Data/Panasonic 18650PF Data/25degC/Drive cycles/03-20-17_05.56 25degC_HWFTa_Pan18650PF.mat,Panasonic 18650PF Data/25degC/Drive cycles,75955,0.0,7612.046993896365,0.10099522769451141,75955,2.50205,4.20843,75955,-5.53832,5.5427,75955,-2.70808,-0.0,75955,-9.70924,-0.0,75955,-15.745906204799999,19.2805031958,75955,25.61949,29.83378,75955,0.0,7612.046993896365,75955,25.0,25.0
Panasonic 18650PF Data/Panasonic 18650PF Data/25degC/Drive cycles/03-20-17_19.27 25degC_HWFTb_Pan18650PF.mat,Panasonic 18650PF Data/25degC/Drive cycles,75811,0.0,7597.359998524189,0.09899362921714783,75811,2.50334,4.2065,75811,-5.59058,5.44143,75811,-2.70304,0.0,75811,-9.68172,0.0,75811,-15.7545503134,19.1992856608,75811,25.60828,29.82257,75811,0.0,7597.359998524189,75811,25.0,25.0
Panasonic 18650PF Data/Panasonic 18650PF Data/25degC/Drive cycles/03-21-17_00.29 25degC_UDDS_Pan18650PF.mat,Panasonic 18650PF Data/25degC/Drive cycles,224187,0.0,22447.86600060761,0.09899362921714783,224187,2.50334,4.20779,224187,-7.52923,4.12497,224187,-2.70149,-0.0,224187,-9.68566,-0.0,224187,-18.9284171895,13.7555109351,224187,25.61949,27.11018,224187,0.0,22447.86600060761,224187,25.0,25.0
Panasonic 18650PF Data/Panasonic 18650PF Data/25degC/Drive cycles/03-21-17_09.38 25degC_LA92_Pan18650PF.mat,Panasonic 18650PF Data/25degC/Drive cycles,140874,0.0,14103.979001194239,0.09899362921714783,140874,2.50141,4.2361,140874,-10.45518,9.733,140874,-2.58703,-0.0,140874,-9.0944,-0.0,140874,-26.458136120000002,36.1078417062,140874,25.61949,27.9508,140874,0.0,14103.979001194239,140874,25.0,25.0
Panasonic 18650PF Data/Panasonic 18650PF Data/25degC/Drive cycles/03-21-17_16.27 25degC_NN_Pan18650PF.mat,Panasonic 18650PF Data/25degC/Drive cycles,116982,0.0,11733.22799988091,0.09899362921714783,116982,2.50205,4.23095,116982,-14.66486,7.9347,116982,-2.54962,-0.0,116982,-8.63844,-0.0,116982,-38.7850978125,28.68107947,116982,25.40653,29.81136,116982,0.0,11733.22799988091,116982,25.0,25.0
