model,held_out_cycle_id,train_cycle_ids,train_sample_count,test_sample_count,proxy_test_mae_percentage_points,proxy_test_rmse_percentage_points,proxy_test_r2,target_status
RidgeRegression,03-18-17_02.17 25degC_Cycle_1_Pan18650PF,03-19-17_03.25 25degC_Cycle_2_Pan18650PF;03-19-17_09.07 25degC_Cycle_3_Pan18650PF;03-19-17_14.31 25degC_Cycle_4_Pan18650PF;03-20-17_01.43 25degC_US06_Pan18650PF;03-20-17_05.56 25degC_HWFTa_Pan18650PF;03-20-17_19.27 25degC_HWFTb_Pan18650PF;03-21-17_00.29 25degC_UDDS_Pan18650PF;03-21-17_09.38 25degC_LA92_Pan18650PF;03-21-17_16.27 25degC_NN_Pan18650PF,101729,10972,2.6397889539615718,3.985655592674086,0.9794989601789412,approximate capacity-referenced coulomb-counting proxy; not validated physical SoC
RandomForestRegressor,03-18-17_02.17 25degC_Cycle_1_Pan18650PF,03-19-17_03.25 25degC_Cycle_2_Pan18650PF;03-19-17_09.07 25degC_Cycle_3_Pan18650PF;03-19-17_14.31 25degC_Cycle_4_Pan18650PF;03-20-17_01.43 25degC_US06_Pan18650PF;03-20-17_05.56 25degC_HWFTa_Pan18650PF;03-20-17_19.27 25degC_HWFTb_Pan18650PF;03-21-17_00.29 25degC_UDDS_Pan18650PF;03-21-17_09.38 25degC_LA92_Pan18650PF;03-21-17_16.27 25degC_NN_Pan18650PF,101729,10972,1.8432237041821349,2.5145827714148834,0.9918396605475353,approximate capacity-referenced coulomb-counting proxy; not validated physical SoC
ExtraTreesRegressor,03-18-17_02.17 25degC_Cycle_1_Pan18650PF,03-19-17_03.25 25degC_Cycle_2_Pan18650PF;03-19-17_09.07 25degC_Cycle_3_Pan18650PF;03-19-17_14.31 25degC_Cycle_4_Pan18650PF;03-20-17_01.43 25degC_US06_Pan18650PF;03-20-17_05.56 25degC_HWFTa_Pan18650PF;03-20-17_19.27 25degC_HWFTb_Pan18650PF;03-21-17_00.29 25degC_UDDS_Pan18650PF;03-21-17_09.38 25degC_LA92_Pan18650PF;03-21-17_16.27 25degC_NN_Pan18650PF,101729,10972,1.973930336334595,2.5640196219954308,0.9915156408872594,approximate capacity-referenced coulomb-counting proxy; not validated physical SoC
RidgeRegression,03-19-17_03.25 25degC_Cycle_2_Pan18650PF,03-18-17_02.17 25degC_Cycle_1_Pan18650PF;03-19-17_09.07 25degC_Cycle_3_Pan18650PF;03-19-17_14.31 25degC_Cycle_4_Pan18650PF;03-20-17_01.43 25degC_US06_Pan18650PF;03-20-17_05.56 25degC_HWFTa_Pan18650PF;03-20-17_19.27 25degC_HWFTb_Pan18650PF;03-21-17_00.29 25degC_UDDS_Pan18650PF;03-21-17_09.38 25degC_LA92_Pan18650PF;03-21-17_16.27 25degC_NN_Pan18650PF,101564,11137,3.2345934527945968,4.89960863818471,0.9714646405889534,approximate capacity-referenced coulomb-counting proxy; not validated physical SoC
RandomForestRegressor,03-19-17_03.25 25degC_Cycle_2_Pan18650PF,03-18-17_02.17 25degC_Cycle_1_Pan18650PF;03-19-17_09.07 25degC_Cycle_3_Pan18650PF;03-19-17_14.31 25degC_Cycle_4_Pan18650PF;03-20-17_01.43 25degC_US06_Pan18650PF;03-20-17_05.56 25degC_HWFTa_Pan18650PF;03-20-17_19.27 25degC_HWFTb_Pan18650PF;03-21-17_00.29 25degC_UDDS_Pan18650PF;03-21-17_09.38 25degC_LA92_Pan18650PF;03-21-17_16.27 25degC_NN_Pan18650PF,101564,11137,2.2519829083403686,3.0307847043578087,0.9890813049345616,approximate capacity-referenced coulomb-counting proxy; not validated physical SoC
ExtraTreesRegressor,03-19-17_03.25 25degC_Cycle_2_Pan18650PF,03-18-17_02.17 25degC_Cycle_1_Pan18650PF;03-19-17_09.07 25degC_Cycle_3_Pan18650PF;03-19-17_14.31 25degC_Cycle_4_Pan18650PF;03-20-17_01.43 25degC_US06_Pan18650PF;03-20-17_05.56 25degC_HWFTa_Pan18650PF;03-20-17_19.27 25degC_HWFTb_Pan18650PF;03-21-17_00.29 25degC_UDDS_Pan18650PF;03-21-17_09.38 25degC_LA92_Pan18650PF;03-21-17_16.27 25degC_NN_Pan18650PF,101564,11137,2.7880343424228795,3.5814012549692986,0.9847536274881182,approximate capacity-referenced coulomb-counting proxy; not validated physical SoC
RidgeRegression,03-19-17_09.07 25degC_Cycle_3_Pan18650PF,03-18-17_02.17 25degC_Cycle_1_Pan18650PF;03-19-17_03.25 25degC_Cycle_2_Pan18650PF;03-19-17_14.31 25degC_Cycle_4_Pan18650PF;03-20-17_01.43 25degC_US06_Pan18650PF;03-20-17_05.56 25degC_HWFTa_Pan18650PF;03-20-17_19.27 25degC_HWFTb_Pan18650PF;03-21-17_00.29 25degC_UDDS_Pan18650PF;03-21-17_09.38 25degC_LA92_Pan18650PF;03-21-17_16.27 25degC_NN_Pan18650PF,102448,10253,3.2300433029863855,4.181711941563984,0.9728289531434788,approximate capacity-referenced coulomb-counting proxy; not validated physical SoC
RandomForestRegressor,03-19-17_09.07 25degC_Cycle_3_Pan18650PF,03-18-17_02.17 25degC_Cycle_1_Pan18650PF;03-19-17_03.25 25degC_Cycle_2_Pan18650PF;03-19-17_14.31 25degC_Cycle_4_Pan18650PF;03-20-17_01.43 25degC_US06_Pan18650PF;03-20-17_05.56 25degC_HWFTa_Pan18650PF;03-20-17_19.27 25degC_HWFTb_Pan18650PF;03-21-17_00.29 25degC_UDDS_Pan18650PF;03-21-17_09.38 25degC_LA92_Pan18650PF;03-21-17_16.27 25degC_NN_Pan18650PF,102448,10253,2.203995140482766,2.93856051726575,0.9865826291528028,approximate capacity-referenced coulomb-counting proxy; not validated physical SoC
ExtraTreesRegressor,03-19-17_09.07 25degC_Cycle_3_Pan18650PF,03-18-17_02.17 25degC_Cycle_1_Pan18650PF;03-19-17_03.25 25degC_Cycle_2_Pan18650PF;03-19-17_14.31 25degC_Cycle_4_Pan18650PF;03-20-17_01.43 25degC_US06_Pan18650PF;03-20-17_05.56 25degC_HWFTa_Pan18650PF;03-20-17_19.27 25degC_HWFTb_Pan18650PF;03-21-17_00.29 25degC_UDDS_Pan18650PF;03-21-17_09.38 25degC_LA92_Pan18650PF;03-21-17_16.27 25degC_NN_Pan18650PF,102448,10253,2.6051837954392485,3.2456212590468345,0.9836320675476716,approximate capacity-referenced coulomb-counting proxy; not validated physical SoC
RidgeRegression,03-19-17_14.31 25degC_Cycle_4_Pan18650PF,03-18-17_02.17 25degC_Cycle_1_Pan18650PF;03-19-17_03.25 25degC_Cycle_2_Pan18650PF;03-19-17_09.07 25degC_Cycle_3_Pan18650PF;03-20-17_01.43 25degC_US06_Pan18650PF;03-20-17_05.56 25degC_HWFTa_Pan18650PF;03-20-17_19.27 25degC_HWFTb_Pan18650PF;03-21-17_00.29 25degC_UDDS_Pan18650PF;03-21-17_09.38 25degC_LA92_Pan18650PF;03-21-17_16.27 25degC_NN_Pan18650PF,100606,12095,3.885044977522146,6.818236587088931,0.9532383992446085,approximate capacity-referenced coulomb-counting proxy; not validated physical SoC
RandomForestRegressor,03-19-17_14.31 25degC_Cycle_4_Pan18650PF,03-18-17_02.17 25degC_Cycle_1_Pan18650PF;03-19-17_03.25 25degC_Cycle_2_Pan18650PF;03-19-17_09.07 25degC_Cycle_3_Pan18650PF;03-20-17_01.43 25degC_US06_Pan18650PF;03-20-17_05.56 25degC_HWFTa_Pan18650PF;03-20-17_19.27 25degC_HWFTb_Pan18650PF;03-21-17_00.29 25degC_UDDS_Pan18650PF;03-21-17_09.38 25degC_LA92_Pan18650PF;03-21-17_16.27 25degC_NN_Pan18650PF,100606,12095,2.1566477117844176,2.920154495879971,0.9914225756909457,approximate capacity-referenced coulomb-counting proxy; not validated physical SoC
ExtraTreesRegressor,03-19-17_14.31 25degC_Cycle_4_Pan18650PF,03-18-17_02.17 25degC_Cycle_1_Pan18650PF;03-19-17_03.25 25degC_Cycle_2_Pan18650PF;03-19-17_09.07 25degC_Cycle_3_Pan18650PF;03-20-17_01.43 25degC_US06_Pan18650PF;03-20-17_05.56 25degC_HWFTa_Pan18650PF;03-20-17_19.27 25degC_HWFTb_Pan18650PF;03-21-17_00.29 25degC_UDDS_Pan18650PF;03-21-17_09.38 25degC_LA92_Pan18650PF;03-21-17_16.27 25degC_NN_Pan18650PF,100606,12095,2.4886459400601835,3.595315236488239,0.9869977298113598,approximate capacity-referenced coulomb-counting proxy; not validated physical SoC
RidgeRegression,03-20-17_01.43 25degC_US06_Pan18650PF,03-18-17_02.17 25degC_Cycle_1_Pan18650PF;03-19-17_03.25 25degC_Cycle_2_Pan18650PF;03-19-17_09.07 25degC_Cycle_3_Pan18650PF;03-19-17_14.31 25degC_Cycle_4_Pan18650PF;03-20-17_05.56 25degC_HWFTa_Pan18650PF;03-20-17_19.27 25degC_HWFTb_Pan18650PF;03-21-17_00.29 25degC_UDDS_Pan18650PF;03-21-17_09.38 25degC_LA92_Pan18650PF;03-21-17_16.27 25degC_NN_Pan18650PF,107889,4812,3.862714717413917,4.972096889466274,0.9688995537311699,approximate capacity-referenced coulomb-counting proxy; not validated physical SoC
RandomForestRegressor,03-20-17_01.43 25degC_US06_Pan18650PF,03-18-17_02.17 25degC_Cycle_1_Pan18650PF;03-19-17_03.25 25degC_Cycle_2_Pan18650PF;03-19-17_09.07 25degC_Cycle_3_Pan18650PF;03-19-17_14.31 25degC_Cycle_4_Pan18650PF;03-20-17_05.56 25degC_HWFTa_Pan18650PF;03-20-17_19.27 25degC_HWFTb_Pan18650PF;03-21-17_00.29 25degC_UDDS_Pan18650PF;03-21-17_09.38 25degC_LA92_Pan18650PF;03-21-17_16.27 25degC_NN_Pan18650PF,107889,4812,5.559732697712033,7.335438940727591,0.9323076380787625,approximate capacity-referenced coulomb-counting proxy; not validated physical SoC
ExtraTreesRegressor,03-20-17_01.43 25degC_US06_Pan18650PF,03-18-17_02.17 25degC_Cycle_1_Pan18650PF;03-19-17_03.25 25degC_Cycle_2_Pan18650PF;03-19-17_09.07 25degC_Cycle_3_Pan18650PF;03-19-17_14.31 25degC_Cycle_4_Pan18650PF;03-20-17_05.56 25degC_HWFTa_Pan18650PF;03-20-17_19.27 25degC_HWFTb_Pan18650PF;03-21-17_00.29 25degC_UDDS_Pan18650PF;03-21-17_09.38 25degC_LA92_Pan18650PF;03-21-17_16.27 25degC_NN_Pan18650PF,107889,4812,12.695422501121627,14.921161516531022,0.7199131509196381,approximate capacity-referenced coulomb-counting proxy; not validated physical SoC
RidgeRegression,03-20-17_05.56 25degC_HWFTa_Pan18650PF,03-18-17_02.17 25degC_Cycle_1_Pan18650PF;03-19-17_03.25 25degC_Cycle_2_Pan18650PF;03-19-17_09.07 25degC_Cycle_3_Pan18650PF;03-19-17_14.31 25degC_Cycle_4_Pan18650PF;03-20-17_01.43 25degC_US06_Pan18650PF;03-20-17_19.27 25degC_HWFTb_Pan18650PF;03-21-17_00.29 25degC_UDDS_Pan18650PF;03-21-17_09.38 25degC_LA92_Pan18650PF;03-21-17_16.27 25degC_NN_Pan18650PF,105098,7603,2.9226991527883,5.318951604875826,0.966734932116749,approximate capacity-referenced coulomb-counting proxy; not validated physical SoC
RandomForestRegressor,03-20-17_05.56 25degC_HWFTa_Pan18650PF,03-18-17_02.17 25degC_Cycle_1_Pan18650PF;03-19-17_03.25 25degC_Cycle_2_Pan18650PF;03-19-17_09.07 25degC_Cycle_3_Pan18650PF;03-19-17_14.31 25degC_Cycle_4_Pan18650PF;03-20-17_01.43 25degC_US06_Pan18650PF;03-20-17_19.27 25degC_HWFTb_Pan18650PF;03-21-17_00.29 25degC_UDDS_Pan18650PF;03-21-17_09.38 25degC_LA92_Pan18650PF;03-21-17_16.27 25degC_NN_Pan18650PF,105098,7603,1.8788895226914482,2.4798547124832866,0.9927691590087521,approximate capacity-referenced coulomb-counting proxy; not validated physical SoC
ExtraTreesRegressor,03-20-17_05.56 25degC_HWFTa_Pan18650PF,03-18-17_02.17 25degC_Cycle_1_Pan18650PF;03-19-17_03.25 25degC_Cycle_2_Pan18650PF;03-19-17_09.07 25degC_Cycle_3_Pan18650PF;03-19-17_14.31 25degC_Cycle_4_Pan18650PF;03-20-17_01.43 25degC_US06_Pan18650PF;03-20-17_19.27 25degC_HWFTb_Pan18650PF;03-21-17_00.29 25degC_UDDS_Pan18650PF;03-21-17_09.38 25degC_LA92_Pan18650PF;03-21-17_16.27 25degC_NN_Pan18650PF,105098,7603,1.9497943856064388,2.6692177907744647,0.9916226944114617,approximate capacity-referenced coulomb-counting proxy; not validated physical SoC
RidgeRegression,03-20-17_19.27 25degC_HWFTb_Pan18650PF,03-18-17_02.17 25degC_Cycle_1_Pan18650PF;03-19-17_03.25 25degC_Cycle_2_Pan18650PF;03-19-17_09.07 25degC_Cycle_3_Pan18650PF;03-19-17_14.31 25degC_Cycle_4_Pan18650PF;03-20-17_01.43 25degC_US06_Pan18650PF;03-20-17_05.56 25degC_HWFTa_Pan18650PF;03-21-17_00.29 25degC_UDDS_Pan18650PF;03-21-17_09.38 25degC_LA92_Pan18650PF;03-21-17_16.27 25degC_NN_Pan18650PF,105112,7589,2.9388972149958392,5.462048733955088,0.9648301035357417,approximate capacity-referenced coulomb-counting proxy; not validated physical SoC
RandomForestRegressor,03-20-17_19.27 25degC_HWFTb_Pan18650PF,03-18-17_02.17 25degC_Cycle_1_Pan18650PF;03-19-17_03.25 25degC_Cycle_2_Pan18650PF;03-19-17_09.07 25degC_Cycle_3_Pan18650PF;03-19-17_14.31 25degC_Cycle_4_Pan18650PF;03-20-17_01.43 25degC_US06_Pan18650PF;03-20-17_05.56 25degC_HWFTa_Pan18650PF;03-21-17_00.29 25degC_UDDS_Pan18650PF;03-21-17_09.38 25degC_LA92_Pan18650PF;03-21-17_16.27 25degC_NN_Pan18650PF,105112,7589,1.776264795460236,2.343097204977142,0.9935279694246668,approximate capacity-referenced coulomb-counting proxy; not validated physical SoC
ExtraTreesRegressor,03-20-17_19.27 25degC_HWFTb_Pan18650PF,03-18-17_02.17 25degC_Cycle_1_Pan18650PF;03-19-17_03.25 25degC_Cycle_2_Pan18650PF;03-19-17_09.07 25degC_Cycle_3_Pan18650PF;03-19-17_14.31 25degC_Cycle_4_Pan18650PF;03-20-17_01.43 25degC_US06_Pan18650PF;03-20-17_05.56 25degC_HWFTa_Pan18650PF;03-21-17_00.29 25degC_UDDS_Pan18650PF;03-21-17_09.38 25degC_LA92_Pan18650PF;03-21-17_16.27 25degC_NN_Pan18650PF,105112,7589,1.7121406163980615,2.442904013929551,0.992964859834577,approximate capacity-referenced coulomb-counting proxy; not validated physical SoC
RidgeRegression,03-21-17_00.29 25degC_UDDS_Pan18650PF,03-18-17_02.17 25degC_Cycle_1_Pan18650PF;03-19-17_03.25 25degC_Cycle_2_Pan18650PF;03-19-17_09.07 25degC_Cycle_3_Pan18650PF;03-19-17_14.31 25degC_Cycle_4_Pan18650PF;03-20-17_01.43 25degC_US06_Pan18650PF;03-20-17_05.56 25degC_HWFTa_Pan18650PF;03-20-17_19.27 25degC_HWFTb_Pan18650PF;03-21-17_09.38 25degC_LA92_Pan18650PF;03-21-17_16.27 25degC_NN_Pan18650PF,90270,22431,7.954651296284912,9.097982063398767,0.896945218090095,approximate capacity-referenced coulomb-counting proxy; not validated physical SoC
RandomForestRegressor,03-21-17_00.29 25degC_UDDS_Pan18650PF,03-18-17_02.17 25degC_Cycle_1_Pan18650PF;03-19-17_03.25 25degC_Cycle_2_Pan18650PF;03-19-17_09.07 25degC_Cycle_3_Pan18650PF;03-19-17_14.31 25degC_Cycle_4_Pan18650PF;03-20-17_01.43 25degC_US06_Pan18650PF;03-20-17_05.56 25degC_HWFTa_Pan18650PF;03-20-17_19.27 25degC_HWFTb_Pan18650PF;03-21-17_09.38 25degC_LA92_Pan18650PF;03-21-17_16.27 25degC_NN_Pan18650PF,90270,22431,6.486954429767353,8.232269034119266,0.9156243549899793,approximate capacity-referenced coulomb-counting proxy; not validated physical SoC
ExtraTreesRegressor,03-21-17_00.29 25degC_UDDS_Pan18650PF,03-18-17_02.17 25degC_Cycle_1_Pan18650PF;03-19-17_03.25 25degC_Cycle_2_Pan18650PF;03-19-17_09.07 25degC_Cycle_3_Pan18650PF;03-19-17_14.31 25degC_Cycle_4_Pan18650PF;03-20-17_01.43 25degC_US06_Pan18650PF;03-20-17_05.56 25degC_HWFTa_Pan18650PF;03-20-17_19.27 25degC_HWFTb_Pan18650PF;03-21-17_09.38 25degC_LA92_Pan18650PF;03-21-17_16.27 25degC_NN_Pan18650PF,90270,22431,10.393890861276539,12.057304809299945,0.819000041181596,approximate capacity-referenced coulomb-counting proxy; not validated physical SoC
RidgeRegression,03-21-17_09.38 25degC_LA92_Pan18650PF,03-18-17_02.17 25degC_Cycle_1_Pan18650PF;03-19-17_03.25 25degC_Cycle_2_Pan18650PF;03-19-17_09.07 25degC_Cycle_3_Pan18650PF;03-19-17_14.31 25degC_Cycle_4_Pan18650PF;03-20-17_01.43 25degC_US06_Pan18650PF;03-20-17_05.56 25degC_HWFTa_Pan18650PF;03-20-17_19.27 25degC_HWFTb_Pan18650PF;03-21-17_00.29 25degC_UDDS_Pan18650PF;03-21-17_16.27 25degC_NN_Pan18650PF,98607,14094,2.451393680266663,3.19573233107627,0.9862840671319228,approximate capacity-referenced coulomb-counting proxy; not validated physical SoC
RandomForestRegressor,03-21-17_09.38 25degC_LA92_Pan18650PF,03-18-17_02.17 25degC_Cycle_1_Pan18650PF;03-19-17_03.25 25degC_Cycle_2_Pan18650PF;03-19-17_09.07 25degC_Cycle_3_Pan18650PF;03-19-17_14.31 25degC_Cycle_4_Pan18650PF;03-20-17_01.43 25degC_US06_Pan18650PF;03-20-17_05.56 25degC_HWFTa_Pan18650PF;03-20-17_19.27 25degC_HWFTb_Pan18650PF;03-21-17_00.29 25degC_UDDS_Pan18650PF;03-21-17_16.27 25degC_NN_Pan18650PF,98607,14094,2.4020247649408155,3.3295637479115667,0.9851112160957819,approximate capacity-referenced coulomb-counting proxy; not validated physical SoC
ExtraTreesRegressor,03-21-17_09.38 25degC_LA92_Pan18650PF,03-18-17_02.17 25degC_Cycle_1_Pan18650PF;03-19-17_03.25 25degC_Cycle_2_Pan18650PF;03-19-17_09.07 25degC_Cycle_3_Pan18650PF;03-19-17_14.31 25degC_Cycle_4_Pan18650PF;03-20-17_01.43 25degC_US06_Pan18650PF;03-20-17_05.56 25degC_HWFTa_Pan18650PF;03-20-17_19.27 25degC_HWFTb_Pan18650PF;03-21-17_00.29 25degC_UDDS_Pan18650PF;03-21-17_16.27 25degC_NN_Pan18650PF,98607,14094,3.51524380367811,4.504210653069358,0.9727527959070104,approximate capacity-referenced coulomb-counting proxy; not validated physical SoC
RidgeRegression,03-21-17_16.27 25degC_NN_Pan18650PF,03-18-17_02.17 25degC_Cycle_1_Pan18650PF;03-19-17_03.25 25degC_Cycle_2_Pan18650PF;03-19-17_09.07 25degC_Cycle_3_Pan18650PF;03-19-17_14.31 25degC_Cycle_4_Pan18650PF;03-20-17_01.43 25degC_US06_Pan18650PF;03-20-17_05.56 25degC_HWFTa_Pan18650PF;03-20-17_19.27 25degC_HWFTb_Pan18650PF;03-21-17_00.29 25degC_UDDS_Pan18650PF;03-21-17_09.38 25degC_LA92_Pan18650PF,100986,11715,2.601406272516971,3.451145203942917,0.9831241325340702,approximate capacity-referenced coulomb-counting proxy; not validated physical SoC
RandomForestRegressor,03-21-17_16.27 25degC_NN_Pan18650PF,03-18-17_02.17 25degC_Cycle_1_Pan18650PF;03-19-17_03.25 25degC_Cycle_2_Pan18650PF;03-19-17_09.07 25degC_Cycle_3_Pan18650PF;03-19-17_14.31 25degC_Cycle_4_Pan18650PF;03-20-17_01.43 25degC_US06_Pan18650PF;03-20-17_05.56 25degC_HWFTa_Pan18650PF;03-20-17_19.27 25degC_HWFTb_Pan18650PF;03-21-17_00.29 25degC_UDDS_Pan18650PF;03-21-17_09.38 25degC_LA92_Pan18650PF,100986,11715,1.9372880594096709,2.6369958219486853,0.9901472259152152,approximate capacity-referenced coulomb-counting proxy; not validated physical SoC
ExtraTreesRegressor,03-21-17_16.27 25degC_NN_Pan18650PF,03-18-17_02.17 25degC_Cycle_1_Pan18650PF;03-19-17_03.25 25degC_Cycle_2_Pan18650PF;03-19-17_09.07 25degC_Cycle_3_Pan18650PF;03-19-17_14.31 25degC_Cycle_4_Pan18650PF;03-20-17_01.43 25degC_US06_Pan18650PF;03-20-17_05.56 25degC_HWFTa_Pan18650PF;03-20-17_19.27 25degC_HWFTb_Pan18650PF;03-21-17_00.29 25degC_UDDS_Pan18650PF;03-21-17_09.38 25degC_LA92_Pan18650PF,100986,11715,2.4417544120608907,3.285611883595736,0.9847042011823699,approximate capacity-referenced coulomb-counting proxy; not validated physical SoC
