cycle_id,rows,duration_s,median_step_s,max_step_s,start_v,end_v,min_v,start_soc,end_soc,min_soc,max_soc,net_discharged_ah,implied_capacity_ah
03-18-17_02.17 25degC_Cycle_1_Pan18650PF,10972,10983.005002141,1.0000046342611313,2.9829952865839005,4.14585,3.2961,2.55931,100.0,2.859891961238658,2.859891961238658,100.0,2.687067596537572,2.7661772781489646
03-19-17_03.25 25degC_Cycle_2_Pan18650PF,11137,11147.045995295048,0.9999945759791444,3.005002811551094,4.1703,3.29481,2.51041,100.0,2.292310076290216,2.292310076290216,100.0,2.702571151683844,2.765975895852223
03-19-17_09.07 25degC_Cycle_3_Pan18650PF,10253,10264.102001488209,1.0000046342611313,2.9939990490674973,4.17351,3.36237,2.50977,100.0,8.816798982316653,8.816798982316653,100.0,2.529285624044383,2.773850441545558
03-19-17_14.31 25degC_Cycle_4_Pan18650PF,12095,12106.008003652096,1.0000046342602218,3.0389998108148575,4.17351,3.09601,2.54515,100.0,-0.8374986035683651,-0.8374986035683651,100.0,2.795161762925356,2.77194674762236
03-20-17_01.43 25degC_US06_Pan18650PF,4812,4818.061001971364,1.0000046342611313,2.8179991990327835,4.17802,3.34114,2.61464,100.0,6.809901511029104,6.809901511029104,100.0,2.5772883174464094,2.765624630980976
03-20-17_05.56 25degC_HWFTa_Pan18650PF,7603,7612.046993896365,1.0000046342611313,3.0340008437633514,4.18188,3.28066,2.50205,100.0,2.4090697783367587,2.4090697783367587,100.0,2.7083420507012748,2.775198519523976
03-20-17_19.27 25degC_HWFTb_Pan18650PF,7589,7597.05099798739,1.0000046342606765,2.796997502446402,4.1748,3.27937,2.51942,100.0,2.5906959815202524,2.5906959815202524,100.0,2.7034732935533876,2.7753748174204236
03-21-17_00.29 25degC_UDDS_Pan18650PF,22431,22447.067000716925,1.0000046342574933,3.107999637719331,4.18188,3.31605,2.56703,100.0,2.646553246388184,2.646553246388184,100.0,2.691985092722398,2.765166701837935
03-21-17_09.38 25degC_LA92_Pan18650PF,14094,14103.071995452046,1.0000046342593123,3.0080001801252365,4.18123,3.34436,2.5889,100.0,6.771341979797684,6.771341979797684,100.0,2.587107564300474,2.775013197915878
03-21-17_16.27 25degC_NN_Pan18650PF,11715,11733.030002564192,1.0000046342593123,2.991001680493355,4.18188,3.35336,2.52457,100.0,8.119484095094286,8.119484095094286,100.0,2.5520907019601164,2.7776190379704375
